[0.000000] (-) TimerEvent: {}
[0.000405] (gantry) JobQueued: {'identifier': 'gantry', 'dependencies': OrderedDict()}
[0.000471] (gantry_moveit_config) JobQueued: {'identifier': 'gantry_moveit_config', 'dependencies': OrderedDict({'gantry': '/home/ilyaes/Desktop/ros2project/moveit2_tuto/ros2_gantry_ws/install/gantry'})}
[0.000511] (gantry_moveit_config_2) JobQueued: {'identifier': 'gantry_moveit_config_2', 'dependencies': OrderedDict({'gantry': '/home/ilyaes/Desktop/ros2project/moveit2_tuto/ros2_gantry_ws/install/gantry'})}
[0.000539] (gantry) JobStarted: {'identifier': 'gantry'}
[0.015936] (gantry) JobProgress: {'identifier': 'gantry', 'progress': 'cmake'}
[0.016523] (gantry) Command: {'cmd': ['/usr/bin/cmake', '/home/ilyaes/Desktop/ros2project/moveit2_tuto/ros2_gantry_ws/src/gantry', '-DCMAKE_INSTALL_PREFIX=/home/ilyaes/Desktop/ros2project/moveit2_tuto/ros2_gantry_ws/install/gantry'], 'cwd': '/home/ilyaes/Desktop/ros2project/moveit2_tuto/ros2_gantry_ws/build/gantry', 'env': OrderedDict({'LESSOPEN': '| /usr/bin/lesspipe %s', 'GZ_SIM_RESOURCE_PATH': '/home/ilyaes/.gz/fuel/fuel.gazebosim.org/openrobotics/models:/opt/ros/jazzy/share', 'USER': 'ilyaes', 'LC_TIME': 'en_US.UTF-8', 'GZ_CONFIG_PATH': '/opt/ros/jazzy/opt/gz_sim_vendor/share/gz:/opt/ros/jazzy/opt/sdformat_vendor/share/gz:/opt/ros/jazzy/opt/gz_gui_vendor/share/gz:/opt/ros/jazzy/opt/gz_transport_vendor/share/gz:/opt/ros/jazzy/opt/gz_rendering_vendor/share/gz:/opt/ros/jazzy/opt/gz_plugin_vendor/share/gz:/opt/ros/jazzy/opt/gz_fuel_tools_vendor/share/gz:/opt/ros/jazzy/opt/gz_msgs_vendor/share/gz:/opt/ros/jazzy/opt/gz_common_vendor/share/gz', 'XDG_SESSION_TYPE': 'x11', 'SHLVL': '1', 'LD_LIBRARY_PATH': '/usr/local/openmpi-5.0.9/lib:/opt/ros/jazzy/opt/gz_sim_vendor/lib:/opt/ros/jazzy/opt/gz_sensors_vendor/lib:/opt/ros/jazzy/opt/gz_physics_vendor/lib:/opt/ros/jazzy/opt/sdformat_vendor/lib:/opt/ros/jazzy/opt/rviz_ogre_vendor/lib:/opt/ros/jazzy/lib/x86_64-linux-gnu:/opt/ros/jazzy/opt/gz_gui_vendor/lib:/opt/ros/jazzy/opt/gz_transport_vendor/lib:/opt/ros/jazzy/opt/gz_rendering_vendor/lib:/opt/ros/jazzy/opt/gz_plugin_vendor/lib:/opt/ros/jazzy/opt/gz_fuel_tools_vendor/lib:/opt/ros/jazzy/opt/gz_msgs_vendor/lib:/opt/ros/jazzy/opt/gz_common_vendor/lib:/opt/ros/jazzy/opt/gz_math_vendor/lib:/opt/ros/jazzy/opt/gz_utils_vendor/lib:/opt/ros/jazzy/opt/gz_tools_vendor/lib:/opt/ros/jazzy/opt/gz_ogre_next_vendor/lib:/opt/ros/jazzy/opt/gz_dartsim_vendor/lib:/opt/ros/jazzy/opt/gz_cmake_vendor/lib:/opt/ros/jazzy/lib', 'HOME': '/home/ilyaes', 'DESKTOP_SESSION': 'ubuntu', 'NVM_BIN': '/home/ilyaes/.nvm/versions/node/v20.15.0/bin', 'NVM_INC': '/home/ilyaes/.nvm/versions/node/v20.15.0/include/node', 'ROS_PYTHON_VERSION': '3', 'GNOME_SHELL_SESSION_MODE': 'ubuntu', 'GTK_MODULES': 'gail:atk-bridge', 'LC_MONETARY': 'en_US.UTF-8', 'DBUS_STARTER_BUS_TYPE': 'session', 'SYSTEMD_EXEC_PID': '2539', 'GSM_SKIP_SSH_AGENT_WORKAROUND': 'true', 'DBUS_SESSION_BUS_ADDRESS': 'unix:path=/run/user/1000/bus,guid=64482280fc8ec729f8b95dd56920d6c7', 'COLORTERM': 'truecolor', 'LIBVIRT_DEFAULT_URI': 'qemu:///system', 'NVM_DIR': '/home/ilyaes/.nvm', 'DEBUGINFOD_URLS': 'https://debuginfod.ubuntu.com', 'COLCON_PREFIX_PATH': '/home/ilyaes/Desktop/ros2project/moveit2_tuto/ros2_gantry_ws/install', 'ROS_DISTRO': 'jazzy', 'LOGNAME': 'ilyaes', '_': '/home/ilyaes/.local/bin/colcon', 'ROS_VERSION': '2', 'MEMORY_PRESSURE_WATCH': '/sys/fs/cgroup/user.slice/user-1000.slice/user@1000.service/app.slice/app-gnome\\x2dsession\\x2dmanager.slice/gnome-session-manager@ubuntu.service/memory.pressure', 'XDG_SESSION_CLASS': 'user', 'USERNAME': 'ilyaes', 'TERM': 'xterm-256color', 'GNOME_DESKTOP_SESSION_ID': 'this-is-deprecated', 'WINDOWPATH': '2', 'PATH': '/usr/local/openmpi-5.0.9/bin:/opt/CoppeliaSim:/opt/ros/jazzy/opt/gz_msgs_vendor/bin:/opt/ros/jazzy/opt/gz_tools_vendor/bin:/opt/ros/jazzy/opt/gz_ogre_next_vendor/bin:/opt/ros/jazzy/bin:/home/ilyaes/.nvm/versions/node/v20.15.0/bin:/home/ilyaes/.local/bin:/home/ilyaes/bin:/usr/local/sbin:/usr/local/bin:/usr/sbin:/usr/bin:/sbin:/bin:/usr/games:/usr/local/games:/snap/bin:/snap/bin:/home/ilyaes:/home/ilyaes/Desktop/ros2project/sourcews', 'SESSION_MANAGER': 'local/ilyaes-GF63-Thin-9SC:@/tmp/.ICE-unix/2539,unix/ilyaes-GF63-Thin-9SC:/tmp/.ICE-unix/2539', 'PAPERSIZE': 'letter', 'XDG_MENU_PREFIX': 'gnome-', 'LC_ADDRESS': 'en_US.UTF-8', 'GNOME_TERMINAL_SCREEN': '/org/gnome/Terminal/screen/a3f7b846_35af_4a2a_8217_1d1361860643', 'XDG_RUNTIME_DIR': '/run/user/1000', 'DISPLAY': ':0', 'LANG': 'en_US.UTF-8', 'XDG_CURRENT_DESKTOP': 'ubuntu:GNOME', 'LC_TELEPHONE': 'en_US.UTF-8', 'XMODIFIERS': '@im=ibus', 'XDG_SESSION_DESKTOP': 'ubuntu', 'XAUTHORITY': '/run/user/1000/gdm/Xauthority', 'LS_COLORS': 'rs=0:di=01;34:ln=01;36:mh=00:pi=40;33:so=01;35:do=01;35:bd=40;33;01:cd=40;33;01:or=40;31;01:mi=00:su=37;41:sg=30;43:ca=00:tw=30;42:ow=34;42:st=37;44:ex=01;32:*.tar=01;31:*.tgz=01;31:*.arc=01;31:*.arj=01;31:*.taz=01;31:*.lha=01;31:*.lz4=01;31:*.lzh=01;31:*.lzma=01;31:*.tlz=01;31:*.txz=01;31:*.tzo=01;31:*.t7z=01;31:*.zip=01;31:*.z=01;31:*.dz=01;31:*.gz=01;31:*.lrz=01;31:*.lz=01;31:*.lzo=01;31:*.xz=01;31:*.zst=01;31:*.tzst=01;31:*.bz2=01;31:*.bz=01;31:*.tbz=01;31:*.tbz2=01;31:*.tz=01;31:*.deb=01;31:*.rpm=01;31:*.jar=01;31:*.war=01;31:*.ear=01;31:*.sar=01;31:*.rar=01;31:*.alz=01;31:*.ace=01;31:*.zoo=01;31:*.cpio=01;31:*.7z=01;31:*.rz=01;31:*.cab=01;31:*.wim=01;31:*.swm=01;31:*.dwm=01;31:*.esd=01;31:*.avif=01;35:*.jpg=01;35:*.jpeg=01;35:*.mjpg=01;35:*.mjpeg=01;35:*.gif=01;35:*.bmp=01;35:*.pbm=01;35:*.pgm=01;35:*.ppm=01;35:*.tga=01;35:*.xbm=01;35:*.xpm=01;35:*.tif=01;35:*.tiff=01;35:*.png=01;35:*.svg=01;35:*.svgz=01;35:*.mng=01;35:*.pcx=01;35:*.mov=01;35:*.mpg=01;35:*.mpeg=01;35:*.m2v=01;35:*.mkv=01;35:*.webm=01;35:*.webp=01;35:*.ogm=01;35:*.mp4=01;35:*.m4v=01;35:*.mp4v=01;35:*.vob=01;35:*.qt=01;35:*.nuv=01;35:*.wmv=01;35:*.asf=01;35:*.rm=01;35:*.rmvb=01;35:*.flc=01;35:*.avi=01;35:*.fli=01;35:*.flv=01;35:*.gl=01;35:*.dl=01;35:*.xcf=01;35:*.xwd=01;35:*.yuv=01;35:*.cgm=01;35:*.emf=01;35:*.ogv=01;35:*.ogx=01;35:*.aac=00;36:*.au=00;36:*.flac=00;36:*.m4a=00;36:*.mid=00;36:*.midi=00;36:*.mka=00;36:*.mp3=00;36:*.mpc=00;36:*.ogg=00;36:*.ra=00;36:*.wav=00;36:*.oga=00;36:*.opus=00;36:*.spx=00;36:*.xspf=00;36:*~=00;90:*#=00;90:*.bak=00;90:*.crdownload=00;90:*.dpkg-dist=00;90:*.dpkg-new=00;90:*.dpkg-old=00;90:*.dpkg-tmp=00;90:*.old=00;90:*.orig=00;90:*.part=00;90:*.rej=00;90:*.rpmnew=00;90:*.rpmorig=00;90:*.rpmsave=00;90:*.swp=00;90:*.tmp=00;90:*.ucf-dist=00;90:*.ucf-new=00;90:*.ucf-old=00;90:', 'GNOME_TERMINAL_SERVICE': ':1.147', 'SSH_AUTH_SOCK': '/run/user/1000/keyring/ssh', 'AMENT_PREFIX_PATH': '/home/ilyaes/Desktop/ros2project/moveit2_tuto/ros2_gantry_ws/install/gantry_moveit_config_2:/home/ilyaes/Desktop/ros2project/moveit2_tuto/ros2_gantry_ws/install/gantry_moveit_config:/home/ilyaes/Desktop/ros2project/moveit2_tuto/ros2_gantry_ws/install/gantry:/opt/ros/jazzy', 'SHELL': '/bin/bash', 'LC_NAME': 'en_US.UTF-8', 'QT_ACCESSIBILITY': '1', 'GDMSESSION': 'ubuntu', 'LESSCLOSE': '/usr/bin/lesspipe %s %s', 'LC_MEASUREMENT': 'en_US.UTF-8', 'GPG_AGENT_INFO': '/run/user/1000/gnupg/S.gpg-agent:0:1', 'LC_IDENTIFICATION': 'en_US.UTF-8', 'ROS_AUTOMATIC_DISCOVERY_RANGE': 'SUBNET', 'QT_IM_MODULE': 'ibus', 'PWD': '/home/ilyaes/Desktop/ros2project/moveit2_tuto/ros2_gantry_ws/build/gantry', 'QT_QPA_PLATFORM': 'xcb', 'LC_ALL': 'en_US.UTF-8', 'XDG_CONFIG_DIRS': '/etc/xdg/xdg-ubuntu:/etc/xdg', 'NVM_CD_FLAGS': '', 'DBUS_STARTER_ADDRESS': 'unix:path=/run/user/1000/bus,guid=64482280fc8ec729f8b95dd56920d6c7', 'XDG_DATA_DIRS': '/usr/share/ubuntu:/usr/share/gnome:/home/ilyaes/.local/share/flatpak/exports/share:/var/lib/flatpak/exports/share:/usr/local/share/:/usr/share/:/var/lib/snapd/desktop', 'QTWEBENGINE_DICTIONARIES_PATH': '/usr/share/hunspell-bdic/', 'PYTHONPATH': '/home/ilyaes/Desktop/ros2project/moveit2_tuto/ros2_gantry_ws/install/gantry/lib/python3.12/site-packages:/opt/ros/jazzy/lib/python3.12/site-packages', 'LC_NUMERIC': 'en_US.UTF-8', 'LC_PAPER': 'en_US.UTF-8', 'COLCON': '1', 'MEMORY_PRESSURE_WRITE': 'c29tZSAyMDAwMDAgMjAwMDAwMAA=', 'VTE_VERSION': '7600', 'CMAKE_PREFIX_PATH': '/home/ilyaes/Desktop/ros2project/moveit2_tuto/ros2_gantry_ws/install/gantry_moveit_config_2:/home/ilyaes/Desktop/ros2project/moveit2_tuto/ros2_gantry_ws/install/gantry_moveit_config:/home/ilyaes/Desktop/ros2project/moveit2_tuto/ros2_gantry_ws/install/gantry:/opt/ros/jazzy/opt/gz_sim_vendor:/opt/ros/jazzy/opt/gz_sensors_vendor:/opt/ros/jazzy/opt/gz_physics_vendor:/opt/ros/jazzy/opt/sdformat_vendor:/opt/ros/jazzy/opt/gz_gui_vendor:/opt/ros/jazzy/opt/gz_transport_vendor:/opt/ros/jazzy/opt/gz_rendering_vendor:/opt/ros/jazzy/opt/gz_plugin_vendor:/opt/ros/jazzy/opt/gz_fuel_tools_vendor:/opt/ros/jazzy/opt/gz_msgs_vendor:/opt/ros/jazzy/opt/gz_common_vendor:/opt/ros/jazzy/opt/gz_math_vendor:/opt/ros/jazzy/opt/gz_utils_vendor:/opt/ros/jazzy/opt/gz_tools_vendor:/opt/ros/jazzy/opt/gz_ogre_next_vendor:/opt/ros/jazzy/opt/gz_dartsim_vendor:/opt/ros/jazzy/opt/gz_cmake_vendor:/opt/ros/jazzy'}), 'shell': False}
[0.099716] (-) TimerEvent: {}
[0.188453] (gantry) StdoutLine: {'line': b'-- The C compiler identification is GNU 13.3.0\n'}
[0.199804] (-) TimerEvent: {}
[0.298985] (gantry) StdoutLine: {'line': b'-- The CXX compiler identification is GNU 13.3.0\n'}
[0.299906] (-) TimerEvent: {}
[0.322402] (gantry) StdoutLine: {'line': b'-- Detecting C compiler ABI info\n'}
[0.400034] (-) TimerEvent: {}
[0.428119] (gantry) StdoutLine: {'line': b'-- Detecting C compiler ABI info - done\n'}
[0.442172] (gantry) StdoutLine: {'line': b'-- Check for working C compiler: /usr/bin/cc - skipped\n'}
[0.442585] (gantry) StdoutLine: {'line': b'-- Detecting C compile features\n'}
[0.443202] (gantry) StdoutLine: {'line': b'-- Detecting C compile features - done\n'}
[0.454182] (gantry) StdoutLine: {'line': b'-- Detecting CXX compiler ABI info\n'}
[0.500126] (-) TimerEvent: {}
[0.564129] (gantry) StdoutLine: {'line': b'-- Detecting CXX compiler ABI info - done\n'}
[0.576371] (gantry) StdoutLine: {'line': b'-- Check for working CXX compiler: /usr/bin/c++ - skipped\n'}
[0.576832] (gantry) StdoutLine: {'line': b'-- Detecting CXX compile features\n'}
[0.577372] (gantry) StdoutLine: {'line': b'-- Detecting CXX compile features - done\n'}
[0.596713] (gantry) StdoutLine: {'line': b'-- Found ament_cmake: 2.5.4 (/opt/ros/jazzy/share/ament_cmake/cmake)\n'}
[0.600194] (-) TimerEvent: {}
[0.700376] (-) TimerEvent: {}
[0.772902] (gantry) StdoutLine: {'line': b'-- Found Python3: /usr/bin/python3 (found version "3.12.3") found components: Interpreter \n'}
[0.800477] (-) TimerEvent: {}
[0.900693] (-) TimerEvent: {}
[0.931858] (gantry) StdoutLine: {'line': b'-- Found ros_gz_sim: 1.0.16 (/opt/ros/jazzy/share/ros_gz_sim/cmake)\n'}
[1.000782] (-) TimerEvent: {}
[1.029764] (gantry) StdoutLine: {'line': b'-- Found rosidl_generator_c: 4.6.6 (/opt/ros/jazzy/share/rosidl_generator_c/cmake)\n'}
[1.053734] (gantry) StdoutLine: {'line': b'-- Found rosidl_generator_cpp: 4.6.6 (/opt/ros/jazzy/share/rosidl_generator_cpp/cmake)\n'}
[1.088184] (gantry) StdoutLine: {'line': b'-- Using all available rosidl_typesupport_c: rosidl_typesupport_fastrtps_c;rosidl_typesupport_introspection_c\n'}
[1.100896] (-) TimerEvent: {}
[1.126409] (gantry) StdoutLine: {'line': b'-- Using all available rosidl_typesupport_cpp: rosidl_typesupport_fastrtps_cpp;rosidl_typesupport_introspection_cpp\n'}
[1.201019] (-) TimerEvent: {}
[1.280792] (gantry) StdoutLine: {'line': b'-- Found rmw_implementation_cmake: 7.3.2 (/opt/ros/jazzy/share/rmw_implementation_cmake/cmake)\n'}
[1.287251] (gantry) StdoutLine: {'line': b'-- Found rmw_fastrtps_cpp: 8.4.3 (/opt/ros/jazzy/share/rmw_fastrtps_cpp/cmake)\n'}
[1.301094] (-) TimerEvent: {}
[1.401372] (-) TimerEvent: {}
[1.414842] (gantry) StdoutLine: {'line': b'-- Found OpenSSL: /usr/lib/x86_64-linux-gnu/libcrypto.so (found version "3.0.13")  \n'}
[1.444495] (gantry) StdoutLine: {'line': b'-- Found FastRTPS: /opt/ros/jazzy/include (Required is at least version "2.13") \n'}
[1.472200] (gantry) StdoutLine: {'line': b"-- Using RMW implementation 'rmw_fastrtps_cpp' as default\n"}
[1.501453] (-) TimerEvent: {}
[1.601675] (-) TimerEvent: {}
[1.701880] (-) TimerEvent: {}
[1.802119] (-) TimerEvent: {}
[1.885079] (gantry) StdoutLine: {'line': b'-- Found ros_gz_bridge: 1.0.16 (/opt/ros/jazzy/share/ros_gz_bridge/cmake)\n'}
[1.902211] (-) TimerEvent: {}
[1.924549] (gantry) StdoutLine: {'line': b'-- Looking for gz-msgs10 -- found version 10.3.2\n'}
[1.937688] (gantry) StdoutLine: {'line': b'-- Searching for dependencies of gz-msgs10\n'}
[2.002301] (-) TimerEvent: {}
[2.087228] (gantry) StdoutLine: {'line': b'-- Found Protobuf: /usr/lib/x86_64-linux-gnu/libprotobuf.so (found version "3.21.12") \n'}
[2.090895] (gantry) StdoutLine: {'line': b'-- Looking for gz-utils2 -- found version 2.2.1\n'}
[2.091062] (gantry) StdoutLine: {'line': b'-- Searching for dependencies of gz-utils2\n'}
[2.094942] (gantry) StdoutLine: {'line': b'-- Looking for gz-math7 -- found version 7.5.2\n'}
[2.095112] (gantry) StdoutLine: {'line': b'-- Searching for dependencies of gz-math7\n'}
[2.095420] (gantry) StdoutLine: {'line': b'-- Looking for gz-utils2 -- found version 2.2.1\n'}
[2.101436] (gantry) StdoutLine: {'line': b"-- Checking for module 'tinyxml2'\n"}
[2.102363] (-) TimerEvent: {}
[2.117836] (gantry) StdoutLine: {'line': b'--   Found tinyxml2, version 10.0.0\n'}
[2.165321] (gantry) StdoutLine: {'line': b'-- Looking for gz-transport13 -- found version 13.4.1\n'}
[2.165554] (gantry) StdoutLine: {'line': b'-- Searching for dependencies of gz-transport13\n'}
[2.202482] (-) TimerEvent: {}
[2.203492] (gantry) StdoutLine: {'line': b'-- Config-file not installed for ZeroMQ -- checking for pkg-config\n'}
[2.208488] (gantry) StdoutLine: {'line': b"-- Checking for module 'libzmq >= 4'\n"}
[2.224467] (gantry) StdoutLine: {'line': b'--   Found libzmq, version 4.3.5\n'}
[2.270362] (gantry) StdoutLine: {'line': b'-- Found ZeroMQ: TRUE (Required is at least version "4") \n'}
[2.277028] (gantry) StdoutLine: {'line': b"-- Checking for module 'uuid'\n"}
[2.293766] (gantry) StdoutLine: {'line': b'--   Found uuid, version 2.39.3\n'}
[2.302573] (-) TimerEvent: {}
[2.327137] (gantry) StdoutLine: {'line': b'-- Found UUID: TRUE  \n'}
[2.327804] (gantry) StdoutLine: {'line': b'-- Looking for gz-utils2 -- found version 2.2.1\n'}
[2.328111] (gantry) StdoutLine: {'line': b'-- Searching for dependencies of gz-utils2\n'}
[2.328283] (gantry) StdoutLine: {'line': b'-- Searching for <gz-utils2> component [cli]\n'}
[2.331995] (gantry) StdoutLine: {'line': b'-- Looking for gz-utils2-cli -- found version 2.2.1\n'}
[2.332299] (gantry) StdoutLine: {'line': b'-- Searching for dependencies of gz-utils2-cli\n'}
[2.333606] (gantry) StdoutLine: {'line': b'-- Looking for gz-msgs10 -- found version 10.3.2\n'}
[2.402658] (-) TimerEvent: {}
[2.502877] (-) TimerEvent: {}
[2.603092] (-) TimerEvent: {}
[2.610991] (gantry) StdoutLine: {'line': b'-- Found ros_gz_image: 1.0.16 (/opt/ros/jazzy/share/ros_gz_image/cmake)\n'}
[2.617393] (gantry) StdoutLine: {'line': b'-- Found xacro: 2.1.1 (/opt/ros/jazzy/share/xacro/cmake)\n'}
[2.703167] (-) TimerEvent: {}
[2.734398] (gantry) StdoutLine: {'line': b'-- Found ament_lint_auto: 0.17.3 (/opt/ros/jazzy/share/ament_lint_auto/cmake)\n'}
[2.803249] (-) TimerEvent: {}
[2.878528] (gantry) StdoutLine: {'line': b"-- Added test 'flake8' to check Python code syntax and style conventions\n"}
[2.878746] (gantry) StdoutLine: {'line': b"-- Configured 'flake8' exclude dirs and/or files: \n"}
[2.880302] (gantry) StdoutLine: {'line': b"-- Added test 'lint_cmake' to check CMake code style\n"}
[2.881780] (gantry) StdoutLine: {'line': b"-- Added test 'pep257' to check Python code against some of the docstring style conventions in PEP 257\n"}
[2.884271] (gantry) StdoutLine: {'line': b"-- Added test 'xmllint' to check XML markup files\n"}
[2.887027] (gantry) StdoutLine: {'line': b'-- Configuring done (2.8s)\n'}
[2.894650] (gantry) StdoutLine: {'line': b'-- Generating done (0.0s)\n'}
[2.898455] (gantry) StdoutLine: {'line': b'-- Build files have been written to: /home/ilyaes/Desktop/ros2project/moveit2_tuto/ros2_gantry_ws/build/gantry\n'}
[2.903359] (-) TimerEvent: {}
[2.911770] (gantry) CommandEnded: {'returncode': 0}
[2.912967] (gantry) JobProgress: {'identifier': 'gantry', 'progress': 'build'}
[2.913103] (gantry) Command: {'cmd': ['/usr/bin/cmake', '--build', '/home/ilyaes/Desktop/ros2project/moveit2_tuto/ros2_gantry_ws/build/gantry', '--', '-j8', '-l8'], 'cwd': '/home/ilyaes/Desktop/ros2project/moveit2_tuto/ros2_gantry_ws/build/gantry', 'env': OrderedDict({'LESSOPEN': '| /usr/bin/lesspipe %s', 'GZ_SIM_RESOURCE_PATH': '/home/ilyaes/.gz/fuel/fuel.gazebosim.org/openrobotics/models:/opt/ros/jazzy/share', 'USER': 'ilyaes', 'LC_TIME': 'en_US.UTF-8', 'GZ_CONFIG_PATH': '/opt/ros/jazzy/opt/gz_sim_vendor/share/gz:/opt/ros/jazzy/opt/sdformat_vendor/share/gz:/opt/ros/jazzy/opt/gz_gui_vendor/share/gz:/opt/ros/jazzy/opt/gz_transport_vendor/share/gz:/opt/ros/jazzy/opt/gz_rendering_vendor/share/gz:/opt/ros/jazzy/opt/gz_plugin_vendor/share/gz:/opt/ros/jazzy/opt/gz_fuel_tools_vendor/share/gz:/opt/ros/jazzy/opt/gz_msgs_vendor/share/gz:/opt/ros/jazzy/opt/gz_common_vendor/share/gz', 'XDG_SESSION_TYPE': 'x11', 'SHLVL': '1', 'LD_LIBRARY_PATH': '/usr/local/openmpi-5.0.9/lib:/opt/ros/jazzy/opt/gz_sim_vendor/lib:/opt/ros/jazzy/opt/gz_sensors_vendor/lib:/opt/ros/jazzy/opt/gz_physics_vendor/lib:/opt/ros/jazzy/opt/sdformat_vendor/lib:/opt/ros/jazzy/opt/rviz_ogre_vendor/lib:/opt/ros/jazzy/lib/x86_64-linux-gnu:/opt/ros/jazzy/opt/gz_gui_vendor/lib:/opt/ros/jazzy/opt/gz_transport_vendor/lib:/opt/ros/jazzy/opt/gz_rendering_vendor/lib:/opt/ros/jazzy/opt/gz_plugin_vendor/lib:/opt/ros/jazzy/opt/gz_fuel_tools_vendor/lib:/opt/ros/jazzy/opt/gz_msgs_vendor/lib:/opt/ros/jazzy/opt/gz_common_vendor/lib:/opt/ros/jazzy/opt/gz_math_vendor/lib:/opt/ros/jazzy/opt/gz_utils_vendor/lib:/opt/ros/jazzy/opt/gz_tools_vendor/lib:/opt/ros/jazzy/opt/gz_ogre_next_vendor/lib:/opt/ros/jazzy/opt/gz_dartsim_vendor/lib:/opt/ros/jazzy/opt/gz_cmake_vendor/lib:/opt/ros/jazzy/lib', 'HOME': '/home/ilyaes', 'DESKTOP_SESSION': 'ubuntu', 'NVM_BIN': '/home/ilyaes/.nvm/versions/node/v20.15.0/bin', 'NVM_INC': '/home/ilyaes/.nvm/versions/node/v20.15.0/include/node', 'ROS_PYTHON_VERSION': '3', 'GNOME_SHELL_SESSION_MODE': 'ubuntu', 'GTK_MODULES': 'gail:atk-bridge', 'LC_MONETARY': 'en_US.UTF-8', 'DBUS_STARTER_BUS_TYPE': 'session', 'SYSTEMD_EXEC_PID': '2539', 'GSM_SKIP_SSH_AGENT_WORKAROUND': 'true', 'DBUS_SESSION_BUS_ADDRESS': 'unix:path=/run/user/1000/bus,guid=64482280fc8ec729f8b95dd56920d6c7', 'COLORTERM': 'truecolor', 'LIBVIRT_DEFAULT_URI': 'qemu:///system', 'NVM_DIR': '/home/ilyaes/.nvm', 'DEBUGINFOD_URLS': 'https://debuginfod.ubuntu.com', 'COLCON_PREFIX_PATH': '/home/ilyaes/Desktop/ros2project/moveit2_tuto/ros2_gantry_ws/install', 'ROS_DISTRO': 'jazzy', 'LOGNAME': 'ilyaes', '_': '/home/ilyaes/.local/bin/colcon', 'ROS_VERSION': '2', 'MEMORY_PRESSURE_WATCH': '/sys/fs/cgroup/user.slice/user-1000.slice/user@1000.service/app.slice/app-gnome\\x2dsession\\x2dmanager.slice/gnome-session-manager@ubuntu.service/memory.pressure', 'XDG_SESSION_CLASS': 'user', 'USERNAME': 'ilyaes', 'TERM': 'xterm-256color', 'GNOME_DESKTOP_SESSION_ID': 'this-is-deprecated', 'WINDOWPATH': '2', 'PATH': '/usr/local/openmpi-5.0.9/bin:/opt/CoppeliaSim:/opt/ros/jazzy/opt/gz_msgs_vendor/bin:/opt/ros/jazzy/opt/gz_tools_vendor/bin:/opt/ros/jazzy/opt/gz_ogre_next_vendor/bin:/opt/ros/jazzy/bin:/home/ilyaes/.nvm/versions/node/v20.15.0/bin:/home/ilyaes/.local/bin:/home/ilyaes/bin:/usr/local/sbin:/usr/local/bin:/usr/sbin:/usr/bin:/sbin:/bin:/usr/games:/usr/local/games:/snap/bin:/snap/bin:/home/ilyaes:/home/ilyaes/Desktop/ros2project/sourcews', 'SESSION_MANAGER': 'local/ilyaes-GF63-Thin-9SC:@/tmp/.ICE-unix/2539,unix/ilyaes-GF63-Thin-9SC:/tmp/.ICE-unix/2539', 'PAPERSIZE': 'letter', 'XDG_MENU_PREFIX': 'gnome-', 'LC_ADDRESS': 'en_US.UTF-8', 'GNOME_TERMINAL_SCREEN': '/org/gnome/Terminal/screen/a3f7b846_35af_4a2a_8217_1d1361860643', 'XDG_RUNTIME_DIR': '/run/user/1000', 'DISPLAY': ':0', 'LANG': 'en_US.UTF-8', 'XDG_CURRENT_DESKTOP': 'ubuntu:GNOME', 'LC_TELEPHONE': 'en_US.UTF-8', 'XMODIFIERS': '@im=ibus', 'XDG_SESSION_DESKTOP': 'ubuntu', 'XAUTHORITY': '/run/user/1000/gdm/Xauthority', 'LS_COLORS': 'rs=0:di=01;34:ln=01;36:mh=00:pi=40;33:so=01;35:do=01;35:bd=40;33;01:cd=40;33;01:or=40;31;01:mi=00:su=37;41:sg=30;43:ca=00:tw=30;42:ow=34;42:st=37;44:ex=01;32:*.tar=01;31:*.tgz=01;31:*.arc=01;31:*.arj=01;31:*.taz=01;31:*.lha=01;31:*.lz4=01;31:*.lzh=01;31:*.lzma=01;31:*.tlz=01;31:*.txz=01;31:*.tzo=01;31:*.t7z=01;31:*.zip=01;31:*.z=01;31:*.dz=01;31:*.gz=01;31:*.lrz=01;31:*.lz=01;31:*.lzo=01;31:*.xz=01;31:*.zst=01;31:*.tzst=01;31:*.bz2=01;31:*.bz=01;31:*.tbz=01;31:*.tbz2=01;31:*.tz=01;31:*.deb=01;31:*.rpm=01;31:*.jar=01;31:*.war=01;31:*.ear=01;31:*.sar=01;31:*.rar=01;31:*.alz=01;31:*.ace=01;31:*.zoo=01;31:*.cpio=01;31:*.7z=01;31:*.rz=01;31:*.cab=01;31:*.wim=01;31:*.swm=01;31:*.dwm=01;31:*.esd=01;31:*.avif=01;35:*.jpg=01;35:*.jpeg=01;35:*.mjpg=01;35:*.mjpeg=01;35:*.gif=01;35:*.bmp=01;35:*.pbm=01;35:*.pgm=01;35:*.ppm=01;35:*.tga=01;35:*.xbm=01;35:*.xpm=01;35:*.tif=01;35:*.tiff=01;35:*.png=01;35:*.svg=01;35:*.svgz=01;35:*.mng=01;35:*.pcx=01;35:*.mov=01;35:*.mpg=01;35:*.mpeg=01;35:*.m2v=01;35:*.mkv=01;35:*.webm=01;35:*.webp=01;35:*.ogm=01;35:*.mp4=01;35:*.m4v=01;35:*.mp4v=01;35:*.vob=01;35:*.qt=01;35:*.nuv=01;35:*.wmv=01;35:*.asf=01;35:*.rm=01;35:*.rmvb=01;35:*.flc=01;35:*.avi=01;35:*.fli=01;35:*.flv=01;35:*.gl=01;35:*.dl=01;35:*.xcf=01;35:*.xwd=01;35:*.yuv=01;35:*.cgm=01;35:*.emf=01;35:*.ogv=01;35:*.ogx=01;35:*.aac=00;36:*.au=00;36:*.flac=00;36:*.m4a=00;36:*.mid=00;36:*.midi=00;36:*.mka=00;36:*.mp3=00;36:*.mpc=00;36:*.ogg=00;36:*.ra=00;36:*.wav=00;36:*.oga=00;36:*.opus=00;36:*.spx=00;36:*.xspf=00;36:*~=00;90:*#=00;90:*.bak=00;90:*.crdownload=00;90:*.dpkg-dist=00;90:*.dpkg-new=00;90:*.dpkg-old=00;90:*.dpkg-tmp=00;90:*.old=00;90:*.orig=00;90:*.part=00;90:*.rej=00;90:*.rpmnew=00;90:*.rpmorig=00;90:*.rpmsave=00;90:*.swp=00;90:*.tmp=00;90:*.ucf-dist=00;90:*.ucf-new=00;90:*.ucf-old=00;90:', 'GNOME_TERMINAL_SERVICE': ':1.147', 'SSH_AUTH_SOCK': '/run/user/1000/keyring/ssh', 'AMENT_PREFIX_PATH': '/home/ilyaes/Desktop/ros2project/moveit2_tuto/ros2_gantry_ws/install/gantry_moveit_config_2:/home/ilyaes/Desktop/ros2project/moveit2_tuto/ros2_gantry_ws/install/gantry_moveit_config:/home/ilyaes/Desktop/ros2project/moveit2_tuto/ros2_gantry_ws/install/gantry:/opt/ros/jazzy', 'SHELL': '/bin/bash', 'LC_NAME': 'en_US.UTF-8', 'QT_ACCESSIBILITY': '1', 'GDMSESSION': 'ubuntu', 'LESSCLOSE': '/usr/bin/lesspipe %s %s', 'LC_MEASUREMENT': 'en_US.UTF-8', 'GPG_AGENT_INFO': '/run/user/1000/gnupg/S.gpg-agent:0:1', 'LC_IDENTIFICATION': 'en_US.UTF-8', 'ROS_AUTOMATIC_DISCOVERY_RANGE': 'SUBNET', 'QT_IM_MODULE': 'ibus', 'PWD': '/home/ilyaes/Desktop/ros2project/moveit2_tuto/ros2_gantry_ws/build/gantry', 'QT_QPA_PLATFORM': 'xcb', 'LC_ALL': 'en_US.UTF-8', 'XDG_CONFIG_DIRS': '/etc/xdg/xdg-ubuntu:/etc/xdg', 'NVM_CD_FLAGS': '', 'DBUS_STARTER_ADDRESS': 'unix:path=/run/user/1000/bus,guid=64482280fc8ec729f8b95dd56920d6c7', 'XDG_DATA_DIRS': '/usr/share/ubuntu:/usr/share/gnome:/home/ilyaes/.local/share/flatpak/exports/share:/var/lib/flatpak/exports/share:/usr/local/share/:/usr/share/:/var/lib/snapd/desktop', 'QTWEBENGINE_DICTIONARIES_PATH': '/usr/share/hunspell-bdic/', 'PYTHONPATH': '/home/ilyaes/Desktop/ros2project/moveit2_tuto/ros2_gantry_ws/install/gantry/lib/python3.12/site-packages:/opt/ros/jazzy/lib/python3.12/site-packages', 'LC_NUMERIC': 'en_US.UTF-8', 'LC_PAPER': 'en_US.UTF-8', 'COLCON': '1', 'MEMORY_PRESSURE_WRITE': 'c29tZSAyMDAwMDAgMjAwMDAwMAA=', 'VTE_VERSION': '7600', 'CMAKE_PREFIX_PATH': '/home/ilyaes/Desktop/ros2project/moveit2_tuto/ros2_gantry_ws/install/gantry_moveit_config_2:/home/ilyaes/Desktop/ros2project/moveit2_tuto/ros2_gantry_ws/install/gantry_moveit_config:/home/ilyaes/Desktop/ros2project/moveit2_tuto/ros2_gantry_ws/install/gantry:/opt/ros/jazzy/opt/gz_sim_vendor:/opt/ros/jazzy/opt/gz_sensors_vendor:/opt/ros/jazzy/opt/gz_physics_vendor:/opt/ros/jazzy/opt/sdformat_vendor:/opt/ros/jazzy/opt/gz_gui_vendor:/opt/ros/jazzy/opt/gz_transport_vendor:/opt/ros/jazzy/opt/gz_rendering_vendor:/opt/ros/jazzy/opt/gz_plugin_vendor:/opt/ros/jazzy/opt/gz_fuel_tools_vendor:/opt/ros/jazzy/opt/gz_msgs_vendor:/opt/ros/jazzy/opt/gz_common_vendor:/opt/ros/jazzy/opt/gz_math_vendor:/opt/ros/jazzy/opt/gz_utils_vendor:/opt/ros/jazzy/opt/gz_tools_vendor:/opt/ros/jazzy/opt/gz_ogre_next_vendor:/opt/ros/jazzy/opt/gz_dartsim_vendor:/opt/ros/jazzy/opt/gz_cmake_vendor:/opt/ros/jazzy'}), 'shell': False}
[2.981507] (gantry) StdoutLine: {'line': b'Built target ament_cmake_python_copy_gantry\n'}
[3.003465] (-) TimerEvent: {}
[3.103656] (-) TimerEvent: {}
[3.203898] (-) TimerEvent: {}
[3.295522] (gantry) StdoutLine: {'line': b'running egg_info\n'}
[3.296319] (gantry) StdoutLine: {'line': b'creating gantry.egg-info\n'}
[3.303998] (-) TimerEvent: {}
[3.331307] (gantry) StdoutLine: {'line': b'writing gantry.egg-info/PKG-INFO\n'}
[3.331509] (gantry) StdoutLine: {'line': b'writing dependency_links to gantry.egg-info/dependency_links.txt\n'}
[3.331641] (gantry) StdoutLine: {'line': b'writing top-level names to gantry.egg-info/top_level.txt\n'}
[3.331787] (gantry) StdoutLine: {'line': b"writing manifest file 'gantry.egg-info/SOURCES.txt'\n"}
[3.404110] (-) TimerEvent: {}
[3.436025] (gantry) StdoutLine: {'line': b"reading manifest file 'gantry.egg-info/SOURCES.txt'\n"}
[3.436469] (gantry) StdoutLine: {'line': b"writing manifest file 'gantry.egg-info/SOURCES.txt'\n"}
[3.466873] (gantry) StdoutLine: {'line': b'Built target ament_cmake_python_build_gantry_egg\n'}
[3.478860] (gantry) CommandEnded: {'returncode': 0}
[3.479460] (gantry) JobProgress: {'identifier': 'gantry', 'progress': 'install'}
[3.489492] (gantry) Command: {'cmd': ['/usr/bin/cmake', '--install', '/home/ilyaes/Desktop/ros2project/moveit2_tuto/ros2_gantry_ws/build/gantry'], 'cwd': '/home/ilyaes/Desktop/ros2project/moveit2_tuto/ros2_gantry_ws/build/gantry', 'env': OrderedDict({'LESSOPEN': '| /usr/bin/lesspipe %s', 'GZ_SIM_RESOURCE_PATH': '/home/ilyaes/.gz/fuel/fuel.gazebosim.org/openrobotics/models:/opt/ros/jazzy/share', 'USER': 'ilyaes', 'LC_TIME': 'en_US.UTF-8', 'GZ_CONFIG_PATH': '/opt/ros/jazzy/opt/gz_sim_vendor/share/gz:/opt/ros/jazzy/opt/sdformat_vendor/share/gz:/opt/ros/jazzy/opt/gz_gui_vendor/share/gz:/opt/ros/jazzy/opt/gz_transport_vendor/share/gz:/opt/ros/jazzy/opt/gz_rendering_vendor/share/gz:/opt/ros/jazzy/opt/gz_plugin_vendor/share/gz:/opt/ros/jazzy/opt/gz_fuel_tools_vendor/share/gz:/opt/ros/jazzy/opt/gz_msgs_vendor/share/gz:/opt/ros/jazzy/opt/gz_common_vendor/share/gz', 'XDG_SESSION_TYPE': 'x11', 'SHLVL': '1', 'LD_LIBRARY_PATH': '/usr/local/openmpi-5.0.9/lib:/opt/ros/jazzy/opt/gz_sim_vendor/lib:/opt/ros/jazzy/opt/gz_sensors_vendor/lib:/opt/ros/jazzy/opt/gz_physics_vendor/lib:/opt/ros/jazzy/opt/sdformat_vendor/lib:/opt/ros/jazzy/opt/rviz_ogre_vendor/lib:/opt/ros/jazzy/lib/x86_64-linux-gnu:/opt/ros/jazzy/opt/gz_gui_vendor/lib:/opt/ros/jazzy/opt/gz_transport_vendor/lib:/opt/ros/jazzy/opt/gz_rendering_vendor/lib:/opt/ros/jazzy/opt/gz_plugin_vendor/lib:/opt/ros/jazzy/opt/gz_fuel_tools_vendor/lib:/opt/ros/jazzy/opt/gz_msgs_vendor/lib:/opt/ros/jazzy/opt/gz_common_vendor/lib:/opt/ros/jazzy/opt/gz_math_vendor/lib:/opt/ros/jazzy/opt/gz_utils_vendor/lib:/opt/ros/jazzy/opt/gz_tools_vendor/lib:/opt/ros/jazzy/opt/gz_ogre_next_vendor/lib:/opt/ros/jazzy/opt/gz_dartsim_vendor/lib:/opt/ros/jazzy/opt/gz_cmake_vendor/lib:/opt/ros/jazzy/lib', 'HOME': '/home/ilyaes', 'DESKTOP_SESSION': 'ubuntu', 'NVM_BIN': '/home/ilyaes/.nvm/versions/node/v20.15.0/bin', 'NVM_INC': '/home/ilyaes/.nvm/versions/node/v20.15.0/include/node', 'ROS_PYTHON_VERSION': '3', 'GNOME_SHELL_SESSION_MODE': 'ubuntu', 'GTK_MODULES': 'gail:atk-bridge', 'LC_MONETARY': 'en_US.UTF-8', 'DBUS_STARTER_BUS_TYPE': 'session', 'SYSTEMD_EXEC_PID': '2539', 'GSM_SKIP_SSH_AGENT_WORKAROUND': 'true', 'DBUS_SESSION_BUS_ADDRESS': 'unix:path=/run/user/1000/bus,guid=64482280fc8ec729f8b95dd56920d6c7', 'COLORTERM': 'truecolor', 'LIBVIRT_DEFAULT_URI': 'qemu:///system', 'NVM_DIR': '/home/ilyaes/.nvm', 'DEBUGINFOD_URLS': 'https://debuginfod.ubuntu.com', 'COLCON_PREFIX_PATH': '/home/ilyaes/Desktop/ros2project/moveit2_tuto/ros2_gantry_ws/install', 'ROS_DISTRO': 'jazzy', 'LOGNAME': 'ilyaes', '_': '/home/ilyaes/.local/bin/colcon', 'ROS_VERSION': '2', 'MEMORY_PRESSURE_WATCH': '/sys/fs/cgroup/user.slice/user-1000.slice/user@1000.service/app.slice/app-gnome\\x2dsession\\x2dmanager.slice/gnome-session-manager@ubuntu.service/memory.pressure', 'XDG_SESSION_CLASS': 'user', 'USERNAME': 'ilyaes', 'TERM': 'xterm-256color', 'GNOME_DESKTOP_SESSION_ID': 'this-is-deprecated', 'WINDOWPATH': '2', 'PATH': '/usr/local/openmpi-5.0.9/bin:/opt/CoppeliaSim:/opt/ros/jazzy/opt/gz_msgs_vendor/bin:/opt/ros/jazzy/opt/gz_tools_vendor/bin:/opt/ros/jazzy/opt/gz_ogre_next_vendor/bin:/opt/ros/jazzy/bin:/home/ilyaes/.nvm/versions/node/v20.15.0/bin:/home/ilyaes/.local/bin:/home/ilyaes/bin:/usr/local/sbin:/usr/local/bin:/usr/sbin:/usr/bin:/sbin:/bin:/usr/games:/usr/local/games:/snap/bin:/snap/bin:/home/ilyaes:/home/ilyaes/Desktop/ros2project/sourcews', 'SESSION_MANAGER': 'local/ilyaes-GF63-Thin-9SC:@/tmp/.ICE-unix/2539,unix/ilyaes-GF63-Thin-9SC:/tmp/.ICE-unix/2539', 'PAPERSIZE': 'letter', 'XDG_MENU_PREFIX': 'gnome-', 'LC_ADDRESS': 'en_US.UTF-8', 'GNOME_TERMINAL_SCREEN': '/org/gnome/Terminal/screen/a3f7b846_35af_4a2a_8217_1d1361860643', 'XDG_RUNTIME_DIR': '/run/user/1000', 'DISPLAY': ':0', 'LANG': 'en_US.UTF-8', 'XDG_CURRENT_DESKTOP': 'ubuntu:GNOME', 'LC_TELEPHONE': 'en_US.UTF-8', 'XMODIFIERS': '@im=ibus', 'XDG_SESSION_DESKTOP': 'ubuntu', 'XAUTHORITY': '/run/user/1000/gdm/Xauthority', 'LS_COLORS': 'rs=0:di=01;34:ln=01;36:mh=00:pi=40;33:so=01;35:do=01;35:bd=40;33;01:cd=40;33;01:or=40;31;01:mi=00:su=37;41:sg=30;43:ca=00:tw=30;42:ow=34;42:st=37;44:ex=01;32:*.tar=01;31:*.tgz=01;31:*.arc=01;31:*.arj=01;31:*.taz=01;31:*.lha=01;31:*.lz4=01;31:*.lzh=01;31:*.lzma=01;31:*.tlz=01;31:*.txz=01;31:*.tzo=01;31:*.t7z=01;31:*.zip=01;31:*.z=01;31:*.dz=01;31:*.gz=01;31:*.lrz=01;31:*.lz=01;31:*.lzo=01;31:*.xz=01;31:*.zst=01;31:*.tzst=01;31:*.bz2=01;31:*.bz=01;31:*.tbz=01;31:*.tbz2=01;31:*.tz=01;31:*.deb=01;31:*.rpm=01;31:*.jar=01;31:*.war=01;31:*.ear=01;31:*.sar=01;31:*.rar=01;31:*.alz=01;31:*.ace=01;31:*.zoo=01;31:*.cpio=01;31:*.7z=01;31:*.rz=01;31:*.cab=01;31:*.wim=01;31:*.swm=01;31:*.dwm=01;31:*.esd=01;31:*.avif=01;35:*.jpg=01;35:*.jpeg=01;35:*.mjpg=01;35:*.mjpeg=01;35:*.gif=01;35:*.bmp=01;35:*.pbm=01;35:*.pgm=01;35:*.ppm=01;35:*.tga=01;35:*.xbm=01;35:*.xpm=01;35:*.tif=01;35:*.tiff=01;35:*.png=01;35:*.svg=01;35:*.svgz=01;35:*.mng=01;35:*.pcx=01;35:*.mov=01;35:*.mpg=01;35:*.mpeg=01;35:*.m2v=01;35:*.mkv=01;35:*.webm=01;35:*.webp=01;35:*.ogm=01;35:*.mp4=01;35:*.m4v=01;35:*.mp4v=01;35:*.vob=01;35:*.qt=01;35:*.nuv=01;35:*.wmv=01;35:*.asf=01;35:*.rm=01;35:*.rmvb=01;35:*.flc=01;35:*.avi=01;35:*.fli=01;35:*.flv=01;35:*.gl=01;35:*.dl=01;35:*.xcf=01;35:*.xwd=01;35:*.yuv=01;35:*.cgm=01;35:*.emf=01;35:*.ogv=01;35:*.ogx=01;35:*.aac=00;36:*.au=00;36:*.flac=00;36:*.m4a=00;36:*.mid=00;36:*.midi=00;36:*.mka=00;36:*.mp3=00;36:*.mpc=00;36:*.ogg=00;36:*.ra=00;36:*.wav=00;36:*.oga=00;36:*.opus=00;36:*.spx=00;36:*.xspf=00;36:*~=00;90:*#=00;90:*.bak=00;90:*.crdownload=00;90:*.dpkg-dist=00;90:*.dpkg-new=00;90:*.dpkg-old=00;90:*.dpkg-tmp=00;90:*.old=00;90:*.orig=00;90:*.part=00;90:*.rej=00;90:*.rpmnew=00;90:*.rpmorig=00;90:*.rpmsave=00;90:*.swp=00;90:*.tmp=00;90:*.ucf-dist=00;90:*.ucf-new=00;90:*.ucf-old=00;90:', 'GNOME_TERMINAL_SERVICE': ':1.147', 'SSH_AUTH_SOCK': '/run/user/1000/keyring/ssh', 'AMENT_PREFIX_PATH': '/home/ilyaes/Desktop/ros2project/moveit2_tuto/ros2_gantry_ws/install/gantry_moveit_config_2:/home/ilyaes/Desktop/ros2project/moveit2_tuto/ros2_gantry_ws/install/gantry_moveit_config:/home/ilyaes/Desktop/ros2project/moveit2_tuto/ros2_gantry_ws/install/gantry:/opt/ros/jazzy', 'SHELL': '/bin/bash', 'LC_NAME': 'en_US.UTF-8', 'QT_ACCESSIBILITY': '1', 'GDMSESSION': 'ubuntu', 'LESSCLOSE': '/usr/bin/lesspipe %s %s', 'LC_MEASUREMENT': 'en_US.UTF-8', 'GPG_AGENT_INFO': '/run/user/1000/gnupg/S.gpg-agent:0:1', 'LC_IDENTIFICATION': 'en_US.UTF-8', 'ROS_AUTOMATIC_DISCOVERY_RANGE': 'SUBNET', 'QT_IM_MODULE': 'ibus', 'PWD': '/home/ilyaes/Desktop/ros2project/moveit2_tuto/ros2_gantry_ws/build/gantry', 'QT_QPA_PLATFORM': 'xcb', 'LC_ALL': 'en_US.UTF-8', 'XDG_CONFIG_DIRS': '/etc/xdg/xdg-ubuntu:/etc/xdg', 'NVM_CD_FLAGS': '', 'DBUS_STARTER_ADDRESS': 'unix:path=/run/user/1000/bus,guid=64482280fc8ec729f8b95dd56920d6c7', 'XDG_DATA_DIRS': '/usr/share/ubuntu:/usr/share/gnome:/home/ilyaes/.local/share/flatpak/exports/share:/var/lib/flatpak/exports/share:/usr/local/share/:/usr/share/:/var/lib/snapd/desktop', 'QTWEBENGINE_DICTIONARIES_PATH': '/usr/share/hunspell-bdic/', 'PYTHONPATH': '/home/ilyaes/Desktop/ros2project/moveit2_tuto/ros2_gantry_ws/install/gantry/lib/python3.12/site-packages:/opt/ros/jazzy/lib/python3.12/site-packages', 'LC_NUMERIC': 'en_US.UTF-8', 'LC_PAPER': 'en_US.UTF-8', 'COLCON': '1', 'MEMORY_PRESSURE_WRITE': 'c29tZSAyMDAwMDAgMjAwMDAwMAA=', 'VTE_VERSION': '7600', 'CMAKE_PREFIX_PATH': '/home/ilyaes/Desktop/ros2project/moveit2_tuto/ros2_gantry_ws/install/gantry_moveit_config_2:/home/ilyaes/Desktop/ros2project/moveit2_tuto/ros2_gantry_ws/install/gantry_moveit_config:/home/ilyaes/Desktop/ros2project/moveit2_tuto/ros2_gantry_ws/install/gantry:/opt/ros/jazzy/opt/gz_sim_vendor:/opt/ros/jazzy/opt/gz_sensors_vendor:/opt/ros/jazzy/opt/gz_physics_vendor:/opt/ros/jazzy/opt/sdformat_vendor:/opt/ros/jazzy/opt/gz_gui_vendor:/opt/ros/jazzy/opt/gz_transport_vendor:/opt/ros/jazzy/opt/gz_rendering_vendor:/opt/ros/jazzy/opt/gz_plugin_vendor:/opt/ros/jazzy/opt/gz_fuel_tools_vendor:/opt/ros/jazzy/opt/gz_msgs_vendor:/opt/ros/jazzy/opt/gz_common_vendor:/opt/ros/jazzy/opt/gz_math_vendor:/opt/ros/jazzy/opt/gz_utils_vendor:/opt/ros/jazzy/opt/gz_tools_vendor:/opt/ros/jazzy/opt/gz_ogre_next_vendor:/opt/ros/jazzy/opt/gz_dartsim_vendor:/opt/ros/jazzy/opt/gz_cmake_vendor:/opt/ros/jazzy'}), 'shell': False}
[3.498738] (gantry) StdoutLine: {'line': b'-- Install configuration: ""\n'}
[3.498962] (gantry) StdoutLine: {'line': b'-- Installing: /home/ilyaes/Desktop/ros2project/moveit2_tuto/ros2_gantry_ws/install/gantry/share/gantry/environment/pythonpath.sh\n'}
[3.499156] (gantry) StdoutLine: {'line': b'-- Installing: /home/ilyaes/Desktop/ros2project/moveit2_tuto/ros2_gantry_ws/install/gantry/share/gantry/environment/pythonpath.dsv\n'}
[3.499321] (gantry) StdoutLine: {'line': b'-- Installing: /home/ilyaes/Desktop/ros2project/moveit2_tuto/ros2_gantry_ws/install/gantry/lib/python3.12/site-packages/gantry-0.0.0-py3.12.egg-info\n'}
[3.499467] (gantry) StdoutLine: {'line': b'-- Installing: /home/ilyaes/Desktop/ros2project/moveit2_tuto/ros2_gantry_ws/install/gantry/lib/python3.12/site-packages/gantry-0.0.0-py3.12.egg-info/top_level.txt\n'}
[3.499608] (gantry) StdoutLine: {'line': b'-- Installing: /home/ilyaes/Desktop/ros2project/moveit2_tuto/ros2_gantry_ws/install/gantry/lib/python3.12/site-packages/gantry-0.0.0-py3.12.egg-info/SOURCES.txt\n'}
[3.499741] (gantry) StdoutLine: {'line': b'-- Installing: /home/ilyaes/Desktop/ros2project/moveit2_tuto/ros2_gantry_ws/install/gantry/lib/python3.12/site-packages/gantry-0.0.0-py3.12.egg-info/dependency_links.txt\n'}
[3.499870] (gantry) StdoutLine: {'line': b'-- Installing: /home/ilyaes/Desktop/ros2project/moveit2_tuto/ros2_gantry_ws/install/gantry/lib/python3.12/site-packages/gantry-0.0.0-py3.12.egg-info/PKG-INFO\n'}
[3.499974] (gantry) StdoutLine: {'line': b'-- Installing: /home/ilyaes/Desktop/ros2project/moveit2_tuto/ros2_gantry_ws/install/gantry/lib/python3.12/site-packages/gantry\n'}
[3.500077] (gantry) StdoutLine: {'line': b'-- Installing: /home/ilyaes/Desktop/ros2project/moveit2_tuto/ros2_gantry_ws/install/gantry/lib/python3.12/site-packages/gantry/__init__.py\n'}
[3.504185] (-) TimerEvent: {}
[3.539527] (gantry) StdoutLine: {'line': b"Listing '/home/ilyaes/Desktop/ros2project/moveit2_tuto/ros2_gantry_ws/install/gantry/lib/python3.12/site-packages/gantry'...\n"}
[3.539740] (gantry) StdoutLine: {'line': b"Compiling '/home/ilyaes/Desktop/ros2project/moveit2_tuto/ros2_gantry_ws/install/gantry/lib/python3.12/site-packages/gantry/__init__.py'...\n"}
[3.547582] (gantry) StdoutLine: {'line': b'-- Installing: /home/ilyaes/Desktop/ros2project/moveit2_tuto/ros2_gantry_ws/install/gantry/share/gantry//launch\n'}
[3.547788] (gantry) StdoutLine: {'line': b'-- Installing: /home/ilyaes/Desktop/ros2project/moveit2_tuto/ros2_gantry_ws/install/gantry/share/gantry//launch/gazebo.launch.py\n'}
[3.548005] (gantry) StdoutLine: {'line': b'-- Installing: /home/ilyaes/Desktop/ros2project/moveit2_tuto/ros2_gantry_ws/install/gantry/share/gantry//launch/gantry_launch.py\n'}
[3.548340] (gantry) StdoutLine: {'line': b'-- Installing: /home/ilyaes/Desktop/ros2project/moveit2_tuto/ros2_gantry_ws/install/gantry/share/gantry//urdf\n'}
[3.548538] (gantry) StdoutLine: {'line': b'-- Installing: /home/ilyaes/Desktop/ros2project/moveit2_tuto/ros2_gantry_ws/install/gantry/share/gantry//urdf/urdf.xacro\n'}
[3.548743] (gantry) StdoutLine: {'line': b'-- Installing: /home/ilyaes/Desktop/ros2project/moveit2_tuto/ros2_gantry_ws/install/gantry/share/gantry//urdf/parallel_beam_gantry.urdf.xacro\n'}
[3.549026] (gantry) StdoutLine: {'line': b'-- Installing: /home/ilyaes/Desktop/ros2project/moveit2_tuto/ros2_gantry_ws/install/gantry/share/gantry//urdf/parallel_beam_gantry.gazebo.xacro\n'}
[3.549246] (gantry) StdoutLine: {'line': b'-- Installing: /home/ilyaes/Desktop/ros2project/moveit2_tuto/ros2_gantry_ws/install/gantry/share/gantry//urdf/parallel_beam_gantry.xacro\n'}
[3.549542] (gantry) StdoutLine: {'line': b'-- Installing: /home/ilyaes/Desktop/ros2project/moveit2_tuto/ros2_gantry_ws/install/gantry/share/gantry//urdf/simple_gripper.urdf.xacro\n'}
[3.549839] (gantry) StdoutLine: {'line': b'-- Installing: /home/ilyaes/Desktop/ros2project/moveit2_tuto/ros2_gantry_ws/install/gantry/share/gantry//urdf/parallel_beam_gantry.camera.xacro\n'}
[3.550113] (gantry) StdoutLine: {'line': b'-- Installing: /home/ilyaes/Desktop/ros2project/moveit2_tuto/ros2_gantry_ws/install/gantry/share/gantry//urdf/parallel_beam_gantry.ros2_control.xacro\n'}
[3.550438] (gantry) StdoutLine: {'line': b'-- Installing: /home/ilyaes/Desktop/ros2project/moveit2_tuto/ros2_gantry_ws/install/gantry/share/gantry//worlds\n'}
[3.550574] (gantry) StdoutLine: {'line': b'-- Installing: /home/ilyaes/Desktop/ros2project/moveit2_tuto/ros2_gantry_ws/install/gantry/share/gantry//worlds/my_world.sdf\n'}
[3.551009] (gantry) StdoutLine: {'line': b'-- Installing: /home/ilyaes/Desktop/ros2project/moveit2_tuto/ros2_gantry_ws/install/gantry/share/ament_index/resource_index/package_run_dependencies/gantry\n'}
[3.551273] (gantry) StdoutLine: {'line': b'-- Installing: /home/ilyaes/Desktop/ros2project/moveit2_tuto/ros2_gantry_ws/install/gantry/share/ament_index/resource_index/parent_prefix_path/gantry\n'}
[3.551403] (gantry) StdoutLine: {'line': b'-- Installing: /home/ilyaes/Desktop/ros2project/moveit2_tuto/ros2_gantry_ws/install/gantry/share/gantry/environment/ament_prefix_path.sh\n'}
[3.551578] (gantry) StdoutLine: {'line': b'-- Installing: /home/ilyaes/Desktop/ros2project/moveit2_tuto/ros2_gantry_ws/install/gantry/share/gantry/environment/ament_prefix_path.dsv\n'}
[3.551771] (gantry) StdoutLine: {'line': b'-- Installing: /home/ilyaes/Desktop/ros2project/moveit2_tuto/ros2_gantry_ws/install/gantry/share/gantry/environment/path.sh\n'}
[3.551915] (gantry) StdoutLine: {'line': b'-- Installing: /home/ilyaes/Desktop/ros2project/moveit2_tuto/ros2_gantry_ws/install/gantry/share/gantry/environment/path.dsv\n'}
[3.552065] (gantry) StdoutLine: {'line': b'-- Installing: /home/ilyaes/Desktop/ros2project/moveit2_tuto/ros2_gantry_ws/install/gantry/share/gantry/local_setup.bash\n'}
[3.552198] (gantry) StdoutLine: {'line': b'-- Installing: /home/ilyaes/Desktop/ros2project/moveit2_tuto/ros2_gantry_ws/install/gantry/share/gantry/local_setup.sh\n'}
[3.552305] (gantry) StdoutLine: {'line': b'-- Installing: /home/ilyaes/Desktop/ros2project/moveit2_tuto/ros2_gantry_ws/install/gantry/share/gantry/local_setup.zsh\n'}
[3.552397] (gantry) StdoutLine: {'line': b'-- Installing: /home/ilyaes/Desktop/ros2project/moveit2_tuto/ros2_gantry_ws/install/gantry/share/gantry/local_setup.dsv\n'}
[3.552557] (gantry) StdoutLine: {'line': b'-- Installing: /home/ilyaes/Desktop/ros2project/moveit2_tuto/ros2_gantry_ws/install/gantry/share/gantry/package.dsv\n'}
[3.552758] (gantry) StdoutLine: {'line': b'-- Installing: /home/ilyaes/Desktop/ros2project/moveit2_tuto/ros2_gantry_ws/install/gantry/share/ament_index/resource_index/packages/gantry\n'}
[3.552916] (gantry) StdoutLine: {'line': b'-- Installing: /home/ilyaes/Desktop/ros2project/moveit2_tuto/ros2_gantry_ws/install/gantry/share/gantry/cmake/gantryConfig.cmake\n'}
[3.553053] (gantry) StdoutLine: {'line': b'-- Installing: /home/ilyaes/Desktop/ros2project/moveit2_tuto/ros2_gantry_ws/install/gantry/share/gantry/cmake/gantryConfig-version.cmake\n'}
[3.553201] (gantry) StdoutLine: {'line': b'-- Installing: /home/ilyaes/Desktop/ros2project/moveit2_tuto/ros2_gantry_ws/install/gantry/share/gantry/package.xml\n'}
[3.555153] (gantry) CommandEnded: {'returncode': 0}
[3.577425] (gantry) JobEnded: {'identifier': 'gantry', 'rc': 0}
[3.578275] (gantry_moveit_config) JobStarted: {'identifier': 'gantry_moveit_config'}
[3.582680] (gantry_moveit_config_2) JobStarted: {'identifier': 'gantry_moveit_config_2'}
[3.588651] (gantry_moveit_config) JobProgress: {'identifier': 'gantry_moveit_config', 'progress': 'cmake'}
[3.589127] (gantry_moveit_config) Command: {'cmd': ['/usr/bin/cmake', '/home/ilyaes/Desktop/ros2project/moveit2_tuto/ros2_gantry_ws/src/gantry_moveit_config', '-DCMAKE_INSTALL_PREFIX=/home/ilyaes/Desktop/ros2project/moveit2_tuto/ros2_gantry_ws/install/gantry_moveit_config'], 'cwd': '/home/ilyaes/Desktop/ros2project/moveit2_tuto/ros2_gantry_ws/build/gantry_moveit_config', 'env': OrderedDict({'LESSOPEN': '| /usr/bin/lesspipe %s', 'GZ_SIM_RESOURCE_PATH': '/home/ilyaes/.gz/fuel/fuel.gazebosim.org/openrobotics/models:/opt/ros/jazzy/share', 'USER': 'ilyaes', 'LC_TIME': 'en_US.UTF-8', 'GZ_CONFIG_PATH': '/opt/ros/jazzy/opt/gz_sim_vendor/share/gz:/opt/ros/jazzy/opt/sdformat_vendor/share/gz:/opt/ros/jazzy/opt/gz_gui_vendor/share/gz:/opt/ros/jazzy/opt/gz_transport_vendor/share/gz:/opt/ros/jazzy/opt/gz_rendering_vendor/share/gz:/opt/ros/jazzy/opt/gz_plugin_vendor/share/gz:/opt/ros/jazzy/opt/gz_fuel_tools_vendor/share/gz:/opt/ros/jazzy/opt/gz_msgs_vendor/share/gz:/opt/ros/jazzy/opt/gz_common_vendor/share/gz', 'XDG_SESSION_TYPE': 'x11', 'SHLVL': '1', 'LD_LIBRARY_PATH': '/usr/local/openmpi-5.0.9/lib:/opt/ros/jazzy/opt/gz_sim_vendor/lib:/opt/ros/jazzy/opt/gz_sensors_vendor/lib:/opt/ros/jazzy/opt/gz_physics_vendor/lib:/opt/ros/jazzy/opt/sdformat_vendor/lib:/opt/ros/jazzy/opt/rviz_ogre_vendor/lib:/opt/ros/jazzy/lib/x86_64-linux-gnu:/opt/ros/jazzy/opt/gz_gui_vendor/lib:/opt/ros/jazzy/opt/gz_transport_vendor/lib:/opt/ros/jazzy/opt/gz_rendering_vendor/lib:/opt/ros/jazzy/opt/gz_plugin_vendor/lib:/opt/ros/jazzy/opt/gz_fuel_tools_vendor/lib:/opt/ros/jazzy/opt/gz_msgs_vendor/lib:/opt/ros/jazzy/opt/gz_common_vendor/lib:/opt/ros/jazzy/opt/gz_math_vendor/lib:/opt/ros/jazzy/opt/gz_utils_vendor/lib:/opt/ros/jazzy/opt/gz_tools_vendor/lib:/opt/ros/jazzy/opt/gz_ogre_next_vendor/lib:/opt/ros/jazzy/opt/gz_dartsim_vendor/lib:/opt/ros/jazzy/opt/gz_cmake_vendor/lib:/opt/ros/jazzy/lib', 'HOME': '/home/ilyaes', 'DESKTOP_SESSION': 'ubuntu', 'NVM_BIN': '/home/ilyaes/.nvm/versions/node/v20.15.0/bin', 'NVM_INC': '/home/ilyaes/.nvm/versions/node/v20.15.0/include/node', 'ROS_PYTHON_VERSION': '3', 'GNOME_SHELL_SESSION_MODE': 'ubuntu', 'GTK_MODULES': 'gail:atk-bridge', 'LC_MONETARY': 'en_US.UTF-8', 'DBUS_STARTER_BUS_TYPE': 'session', 'SYSTEMD_EXEC_PID': '2539', 'GSM_SKIP_SSH_AGENT_WORKAROUND': 'true', 'DBUS_SESSION_BUS_ADDRESS': 'unix:path=/run/user/1000/bus,guid=64482280fc8ec729f8b95dd56920d6c7', 'COLORTERM': 'truecolor', 'LIBVIRT_DEFAULT_URI': 'qemu:///system', 'NVM_DIR': '/home/ilyaes/.nvm', 'DEBUGINFOD_URLS': 'https://debuginfod.ubuntu.com', 'COLCON_PREFIX_PATH': '/home/ilyaes/Desktop/ros2project/moveit2_tuto/ros2_gantry_ws/install', 'ROS_DISTRO': 'jazzy', 'LOGNAME': 'ilyaes', '_': '/home/ilyaes/.local/bin/colcon', 'ROS_VERSION': '2', 'MEMORY_PRESSURE_WATCH': '/sys/fs/cgroup/user.slice/user-1000.slice/user@1000.service/app.slice/app-gnome\\x2dsession\\x2dmanager.slice/gnome-session-manager@ubuntu.service/memory.pressure', 'XDG_SESSION_CLASS': 'user', 'USERNAME': 'ilyaes', 'TERM': 'xterm-256color', 'GNOME_DESKTOP_SESSION_ID': 'this-is-deprecated', 'WINDOWPATH': '2', 'PATH': '/usr/local/openmpi-5.0.9/bin:/opt/CoppeliaSim:/opt/ros/jazzy/opt/gz_msgs_vendor/bin:/opt/ros/jazzy/opt/gz_tools_vendor/bin:/opt/ros/jazzy/opt/gz_ogre_next_vendor/bin:/opt/ros/jazzy/bin:/home/ilyaes/.nvm/versions/node/v20.15.0/bin:/home/ilyaes/.local/bin:/home/ilyaes/bin:/usr/local/sbin:/usr/local/bin:/usr/sbin:/usr/bin:/sbin:/bin:/usr/games:/usr/local/games:/snap/bin:/snap/bin:/home/ilyaes:/home/ilyaes/Desktop/ros2project/sourcews', 'SESSION_MANAGER': 'local/ilyaes-GF63-Thin-9SC:@/tmp/.ICE-unix/2539,unix/ilyaes-GF63-Thin-9SC:/tmp/.ICE-unix/2539', 'PAPERSIZE': 'letter', 'XDG_MENU_PREFIX': 'gnome-', 'LC_ADDRESS': 'en_US.UTF-8', 'GNOME_TERMINAL_SCREEN': '/org/gnome/Terminal/screen/a3f7b846_35af_4a2a_8217_1d1361860643', 'XDG_RUNTIME_DIR': '/run/user/1000', 'DISPLAY': ':0', 'LANG': 'en_US.UTF-8', 'XDG_CURRENT_DESKTOP': 'ubuntu:GNOME', 'LC_TELEPHONE': 'en_US.UTF-8', 'XMODIFIERS': '@im=ibus', 'XDG_SESSION_DESKTOP': 'ubuntu', 'XAUTHORITY': '/run/user/1000/gdm/Xauthority', 'LS_COLORS': 'rs=0:di=01;34:ln=01;36:mh=00:pi=40;33:so=01;35:do=01;35:bd=40;33;01:cd=40;33;01:or=40;31;01:mi=00:su=37;41:sg=30;43:ca=00:tw=30;42:ow=34;42:st=37;44:ex=01;32:*.tar=01;31:*.tgz=01;31:*.arc=01;31:*.arj=01;31:*.taz=01;31:*.lha=01;31:*.lz4=01;31:*.lzh=01;31:*.lzma=01;31:*.tlz=01;31:*.txz=01;31:*.tzo=01;31:*.t7z=01;31:*.zip=01;31:*.z=01;31:*.dz=01;31:*.gz=01;31:*.lrz=01;31:*.lz=01;31:*.lzo=01;31:*.xz=01;31:*.zst=01;31:*.tzst=01;31:*.bz2=01;31:*.bz=01;31:*.tbz=01;31:*.tbz2=01;31:*.tz=01;31:*.deb=01;31:*.rpm=01;31:*.jar=01;31:*.war=01;31:*.ear=01;31:*.sar=01;31:*.rar=01;31:*.alz=01;31:*.ace=01;31:*.zoo=01;31:*.cpio=01;31:*.7z=01;31:*.rz=01;31:*.cab=01;31:*.wim=01;31:*.swm=01;31:*.dwm=01;31:*.esd=01;31:*.avif=01;35:*.jpg=01;35:*.jpeg=01;35:*.mjpg=01;35:*.mjpeg=01;35:*.gif=01;35:*.bmp=01;35:*.pbm=01;35:*.pgm=01;35:*.ppm=01;35:*.tga=01;35:*.xbm=01;35:*.xpm=01;35:*.tif=01;35:*.tiff=01;35:*.png=01;35:*.svg=01;35:*.svgz=01;35:*.mng=01;35:*.pcx=01;35:*.mov=01;35:*.mpg=01;35:*.mpeg=01;35:*.m2v=01;35:*.mkv=01;35:*.webm=01;35:*.webp=01;35:*.ogm=01;35:*.mp4=01;35:*.m4v=01;35:*.mp4v=01;35:*.vob=01;35:*.qt=01;35:*.nuv=01;35:*.wmv=01;35:*.asf=01;35:*.rm=01;35:*.rmvb=01;35:*.flc=01;35:*.avi=01;35:*.fli=01;35:*.flv=01;35:*.gl=01;35:*.dl=01;35:*.xcf=01;35:*.xwd=01;35:*.yuv=01;35:*.cgm=01;35:*.emf=01;35:*.ogv=01;35:*.ogx=01;35:*.aac=00;36:*.au=00;36:*.flac=00;36:*.m4a=00;36:*.mid=00;36:*.midi=00;36:*.mka=00;36:*.mp3=00;36:*.mpc=00;36:*.ogg=00;36:*.ra=00;36:*.wav=00;36:*.oga=00;36:*.opus=00;36:*.spx=00;36:*.xspf=00;36:*~=00;90:*#=00;90:*.bak=00;90:*.crdownload=00;90:*.dpkg-dist=00;90:*.dpkg-new=00;90:*.dpkg-old=00;90:*.dpkg-tmp=00;90:*.old=00;90:*.orig=00;90:*.part=00;90:*.rej=00;90:*.rpmnew=00;90:*.rpmorig=00;90:*.rpmsave=00;90:*.swp=00;90:*.tmp=00;90:*.ucf-dist=00;90:*.ucf-new=00;90:*.ucf-old=00;90:', 'GNOME_TERMINAL_SERVICE': ':1.147', 'SSH_AUTH_SOCK': '/run/user/1000/keyring/ssh', 'AMENT_PREFIX_PATH': '/home/ilyaes/Desktop/ros2project/moveit2_tuto/ros2_gantry_ws/install/gantry_moveit_config_2:/home/ilyaes/Desktop/ros2project/moveit2_tuto/ros2_gantry_ws/install/gantry_moveit_config:/home/ilyaes/Desktop/ros2project/moveit2_tuto/ros2_gantry_ws/install/gantry:/opt/ros/jazzy', 'SHELL': '/bin/bash', 'LC_NAME': 'en_US.UTF-8', 'QT_ACCESSIBILITY': '1', 'GDMSESSION': 'ubuntu', 'LESSCLOSE': '/usr/bin/lesspipe %s %s', 'LC_MEASUREMENT': 'en_US.UTF-8', 'GPG_AGENT_INFO': '/run/user/1000/gnupg/S.gpg-agent:0:1', 'LC_IDENTIFICATION': 'en_US.UTF-8', 'ROS_AUTOMATIC_DISCOVERY_RANGE': 'SUBNET', 'QT_IM_MODULE': 'ibus', 'PWD': '/home/ilyaes/Desktop/ros2project/moveit2_tuto/ros2_gantry_ws/build/gantry_moveit_config', 'QT_QPA_PLATFORM': 'xcb', 'LC_ALL': 'en_US.UTF-8', 'XDG_CONFIG_DIRS': '/etc/xdg/xdg-ubuntu:/etc/xdg', 'NVM_CD_FLAGS': '', 'DBUS_STARTER_ADDRESS': 'unix:path=/run/user/1000/bus,guid=64482280fc8ec729f8b95dd56920d6c7', 'XDG_DATA_DIRS': '/usr/share/ubuntu:/usr/share/gnome:/home/ilyaes/.local/share/flatpak/exports/share:/var/lib/flatpak/exports/share:/usr/local/share/:/usr/share/:/var/lib/snapd/desktop', 'QTWEBENGINE_DICTIONARIES_PATH': '/usr/share/hunspell-bdic/', 'PYTHONPATH': '/home/ilyaes/Desktop/ros2project/moveit2_tuto/ros2_gantry_ws/install/gantry/lib/python3.12/site-packages:/opt/ros/jazzy/lib/python3.12/site-packages', 'LC_NUMERIC': 'en_US.UTF-8', 'LC_PAPER': 'en_US.UTF-8', 'COLCON': '1', 'MEMORY_PRESSURE_WRITE': 'c29tZSAyMDAwMDAgMjAwMDAwMAA=', 'VTE_VERSION': '7600', 'CMAKE_PREFIX_PATH': '/home/ilyaes/Desktop/ros2project/moveit2_tuto/ros2_gantry_ws/install/gantry:/home/ilyaes/Desktop/ros2project/moveit2_tuto/ros2_gantry_ws/install/gantry_moveit_config_2:/home/ilyaes/Desktop/ros2project/moveit2_tuto/ros2_gantry_ws/install/gantry_moveit_config:/opt/ros/jazzy/opt/gz_sim_vendor:/opt/ros/jazzy/opt/gz_sensors_vendor:/opt/ros/jazzy/opt/gz_physics_vendor:/opt/ros/jazzy/opt/sdformat_vendor:/opt/ros/jazzy/opt/gz_gui_vendor:/opt/ros/jazzy/opt/gz_transport_vendor:/opt/ros/jazzy/opt/gz_rendering_vendor:/opt/ros/jazzy/opt/gz_plugin_vendor:/opt/ros/jazzy/opt/gz_fuel_tools_vendor:/opt/ros/jazzy/opt/gz_msgs_vendor:/opt/ros/jazzy/opt/gz_common_vendor:/opt/ros/jazzy/opt/gz_math_vendor:/opt/ros/jazzy/opt/gz_utils_vendor:/opt/ros/jazzy/opt/gz_tools_vendor:/opt/ros/jazzy/opt/gz_ogre_next_vendor:/opt/ros/jazzy/opt/gz_dartsim_vendor:/opt/ros/jazzy/opt/gz_cmake_vendor:/opt/ros/jazzy'}), 'shell': False}
[3.591265] (gantry_moveit_config_2) JobProgress: {'identifier': 'gantry_moveit_config_2', 'progress': 'cmake'}
[3.592065] (gantry_moveit_config_2) Command: {'cmd': ['/usr/bin/cmake', '/home/ilyaes/Desktop/ros2project/moveit2_tuto/ros2_gantry_ws/src/gantry_moveit_config_2', '-DCMAKE_INSTALL_PREFIX=/home/ilyaes/Desktop/ros2project/moveit2_tuto/ros2_gantry_ws/install/gantry_moveit_config_2'], 'cwd': '/home/ilyaes/Desktop/ros2project/moveit2_tuto/ros2_gantry_ws/build/gantry_moveit_config_2', 'env': OrderedDict({'LESSOPEN': '| /usr/bin/lesspipe %s', 'GZ_SIM_RESOURCE_PATH': '/home/ilyaes/.gz/fuel/fuel.gazebosim.org/openrobotics/models:/opt/ros/jazzy/share', 'USER': 'ilyaes', 'LC_TIME': 'en_US.UTF-8', 'GZ_CONFIG_PATH': '/opt/ros/jazzy/opt/gz_sim_vendor/share/gz:/opt/ros/jazzy/opt/sdformat_vendor/share/gz:/opt/ros/jazzy/opt/gz_gui_vendor/share/gz:/opt/ros/jazzy/opt/gz_transport_vendor/share/gz:/opt/ros/jazzy/opt/gz_rendering_vendor/share/gz:/opt/ros/jazzy/opt/gz_plugin_vendor/share/gz:/opt/ros/jazzy/opt/gz_fuel_tools_vendor/share/gz:/opt/ros/jazzy/opt/gz_msgs_vendor/share/gz:/opt/ros/jazzy/opt/gz_common_vendor/share/gz', 'XDG_SESSION_TYPE': 'x11', 'SHLVL': '1', 'LD_LIBRARY_PATH': '/usr/local/openmpi-5.0.9/lib:/opt/ros/jazzy/opt/gz_sim_vendor/lib:/opt/ros/jazzy/opt/gz_sensors_vendor/lib:/opt/ros/jazzy/opt/gz_physics_vendor/lib:/opt/ros/jazzy/opt/sdformat_vendor/lib:/opt/ros/jazzy/opt/rviz_ogre_vendor/lib:/opt/ros/jazzy/lib/x86_64-linux-gnu:/opt/ros/jazzy/opt/gz_gui_vendor/lib:/opt/ros/jazzy/opt/gz_transport_vendor/lib:/opt/ros/jazzy/opt/gz_rendering_vendor/lib:/opt/ros/jazzy/opt/gz_plugin_vendor/lib:/opt/ros/jazzy/opt/gz_fuel_tools_vendor/lib:/opt/ros/jazzy/opt/gz_msgs_vendor/lib:/opt/ros/jazzy/opt/gz_common_vendor/lib:/opt/ros/jazzy/opt/gz_math_vendor/lib:/opt/ros/jazzy/opt/gz_utils_vendor/lib:/opt/ros/jazzy/opt/gz_tools_vendor/lib:/opt/ros/jazzy/opt/gz_ogre_next_vendor/lib:/opt/ros/jazzy/opt/gz_dartsim_vendor/lib:/opt/ros/jazzy/opt/gz_cmake_vendor/lib:/opt/ros/jazzy/lib', 'HOME': '/home/ilyaes', 'DESKTOP_SESSION': 'ubuntu', 'NVM_BIN': '/home/ilyaes/.nvm/versions/node/v20.15.0/bin', 'NVM_INC': '/home/ilyaes/.nvm/versions/node/v20.15.0/include/node', 'ROS_PYTHON_VERSION': '3', 'GNOME_SHELL_SESSION_MODE': 'ubuntu', 'GTK_MODULES': 'gail:atk-bridge', 'LC_MONETARY': 'en_US.UTF-8', 'DBUS_STARTER_BUS_TYPE': 'session', 'SYSTEMD_EXEC_PID': '2539', 'GSM_SKIP_SSH_AGENT_WORKAROUND': 'true', 'DBUS_SESSION_BUS_ADDRESS': 'unix:path=/run/user/1000/bus,guid=64482280fc8ec729f8b95dd56920d6c7', 'COLORTERM': 'truecolor', 'LIBVIRT_DEFAULT_URI': 'qemu:///system', 'NVM_DIR': '/home/ilyaes/.nvm', 'DEBUGINFOD_URLS': 'https://debuginfod.ubuntu.com', 'COLCON_PREFIX_PATH': '/home/ilyaes/Desktop/ros2project/moveit2_tuto/ros2_gantry_ws/install', 'ROS_DISTRO': 'jazzy', 'LOGNAME': 'ilyaes', '_': '/home/ilyaes/.local/bin/colcon', 'ROS_VERSION': '2', 'MEMORY_PRESSURE_WATCH': '/sys/fs/cgroup/user.slice/user-1000.slice/user@1000.service/app.slice/app-gnome\\x2dsession\\x2dmanager.slice/gnome-session-manager@ubuntu.service/memory.pressure', 'XDG_SESSION_CLASS': 'user', 'USERNAME': 'ilyaes', 'TERM': 'xterm-256color', 'GNOME_DESKTOP_SESSION_ID': 'this-is-deprecated', 'WINDOWPATH': '2', 'PATH': '/usr/local/openmpi-5.0.9/bin:/opt/CoppeliaSim:/opt/ros/jazzy/opt/gz_msgs_vendor/bin:/opt/ros/jazzy/opt/gz_tools_vendor/bin:/opt/ros/jazzy/opt/gz_ogre_next_vendor/bin:/opt/ros/jazzy/bin:/home/ilyaes/.nvm/versions/node/v20.15.0/bin:/home/ilyaes/.local/bin:/home/ilyaes/bin:/usr/local/sbin:/usr/local/bin:/usr/sbin:/usr/bin:/sbin:/bin:/usr/games:/usr/local/games:/snap/bin:/snap/bin:/home/ilyaes:/home/ilyaes/Desktop/ros2project/sourcews', 'SESSION_MANAGER': 'local/ilyaes-GF63-Thin-9SC:@/tmp/.ICE-unix/2539,unix/ilyaes-GF63-Thin-9SC:/tmp/.ICE-unix/2539', 'PAPERSIZE': 'letter', 'XDG_MENU_PREFIX': 'gnome-', 'LC_ADDRESS': 'en_US.UTF-8', 'GNOME_TERMINAL_SCREEN': '/org/gnome/Terminal/screen/a3f7b846_35af_4a2a_8217_1d1361860643', 'XDG_RUNTIME_DIR': '/run/user/1000', 'DISPLAY': ':0', 'LANG': 'en_US.UTF-8', 'XDG_CURRENT_DESKTOP': 'ubuntu:GNOME', 'LC_TELEPHONE': 'en_US.UTF-8', 'XMODIFIERS': '@im=ibus', 'XDG_SESSION_DESKTOP': 'ubuntu', 'XAUTHORITY': '/run/user/1000/gdm/Xauthority', 'LS_COLORS': 'rs=0:di=01;34:ln=01;36:mh=00:pi=40;33:so=01;35:do=01;35:bd=40;33;01:cd=40;33;01:or=40;31;01:mi=00:su=37;41:sg=30;43:ca=00:tw=30;42:ow=34;42:st=37;44:ex=01;32:*.tar=01;31:*.tgz=01;31:*.arc=01;31:*.arj=01;31:*.taz=01;31:*.lha=01;31:*.lz4=01;31:*.lzh=01;31:*.lzma=01;31:*.tlz=01;31:*.txz=01;31:*.tzo=01;31:*.t7z=01;31:*.zip=01;31:*.z=01;31:*.dz=01;31:*.gz=01;31:*.lrz=01;31:*.lz=01;31:*.lzo=01;31:*.xz=01;31:*.zst=01;31:*.tzst=01;31:*.bz2=01;31:*.bz=01;31:*.tbz=01;31:*.tbz2=01;31:*.tz=01;31:*.deb=01;31:*.rpm=01;31:*.jar=01;31:*.war=01;31:*.ear=01;31:*.sar=01;31:*.rar=01;31:*.alz=01;31:*.ace=01;31:*.zoo=01;31:*.cpio=01;31:*.7z=01;31:*.rz=01;31:*.cab=01;31:*.wim=01;31:*.swm=01;31:*.dwm=01;31:*.esd=01;31:*.avif=01;35:*.jpg=01;35:*.jpeg=01;35:*.mjpg=01;35:*.mjpeg=01;35:*.gif=01;35:*.bmp=01;35:*.pbm=01;35:*.pgm=01;35:*.ppm=01;35:*.tga=01;35:*.xbm=01;35:*.xpm=01;35:*.tif=01;35:*.tiff=01;35:*.png=01;35:*.svg=01;35:*.svgz=01;35:*.mng=01;35:*.pcx=01;35:*.mov=01;35:*.mpg=01;35:*.mpeg=01;35:*.m2v=01;35:*.mkv=01;35:*.webm=01;35:*.webp=01;35:*.ogm=01;35:*.mp4=01;35:*.m4v=01;35:*.mp4v=01;35:*.vob=01;35:*.qt=01;35:*.nuv=01;35:*.wmv=01;35:*.asf=01;35:*.rm=01;35:*.rmvb=01;35:*.flc=01;35:*.avi=01;35:*.fli=01;35:*.flv=01;35:*.gl=01;35:*.dl=01;35:*.xcf=01;35:*.xwd=01;35:*.yuv=01;35:*.cgm=01;35:*.emf=01;35:*.ogv=01;35:*.ogx=01;35:*.aac=00;36:*.au=00;36:*.flac=00;36:*.m4a=00;36:*.mid=00;36:*.midi=00;36:*.mka=00;36:*.mp3=00;36:*.mpc=00;36:*.ogg=00;36:*.ra=00;36:*.wav=00;36:*.oga=00;36:*.opus=00;36:*.spx=00;36:*.xspf=00;36:*~=00;90:*#=00;90:*.bak=00;90:*.crdownload=00;90:*.dpkg-dist=00;90:*.dpkg-new=00;90:*.dpkg-old=00;90:*.dpkg-tmp=00;90:*.old=00;90:*.orig=00;90:*.part=00;90:*.rej=00;90:*.rpmnew=00;90:*.rpmorig=00;90:*.rpmsave=00;90:*.swp=00;90:*.tmp=00;90:*.ucf-dist=00;90:*.ucf-new=00;90:*.ucf-old=00;90:', 'GNOME_TERMINAL_SERVICE': ':1.147', 'SSH_AUTH_SOCK': '/run/user/1000/keyring/ssh', 'AMENT_PREFIX_PATH': '/home/ilyaes/Desktop/ros2project/moveit2_tuto/ros2_gantry_ws/install/gantry_moveit_config_2:/home/ilyaes/Desktop/ros2project/moveit2_tuto/ros2_gantry_ws/install/gantry_moveit_config:/home/ilyaes/Desktop/ros2project/moveit2_tuto/ros2_gantry_ws/install/gantry:/opt/ros/jazzy', 'SHELL': '/bin/bash', 'LC_NAME': 'en_US.UTF-8', 'QT_ACCESSIBILITY': '1', 'GDMSESSION': 'ubuntu', 'LESSCLOSE': '/usr/bin/lesspipe %s %s', 'LC_MEASUREMENT': 'en_US.UTF-8', 'GPG_AGENT_INFO': '/run/user/1000/gnupg/S.gpg-agent:0:1', 'LC_IDENTIFICATION': 'en_US.UTF-8', 'ROS_AUTOMATIC_DISCOVERY_RANGE': 'SUBNET', 'QT_IM_MODULE': 'ibus', 'PWD': '/home/ilyaes/Desktop/ros2project/moveit2_tuto/ros2_gantry_ws/build/gantry_moveit_config_2', 'QT_QPA_PLATFORM': 'xcb', 'LC_ALL': 'en_US.UTF-8', 'XDG_CONFIG_DIRS': '/etc/xdg/xdg-ubuntu:/etc/xdg', 'NVM_CD_FLAGS': '', 'DBUS_STARTER_ADDRESS': 'unix:path=/run/user/1000/bus,guid=64482280fc8ec729f8b95dd56920d6c7', 'XDG_DATA_DIRS': '/usr/share/ubuntu:/usr/share/gnome:/home/ilyaes/.local/share/flatpak/exports/share:/var/lib/flatpak/exports/share:/usr/local/share/:/usr/share/:/var/lib/snapd/desktop', 'QTWEBENGINE_DICTIONARIES_PATH': '/usr/share/hunspell-bdic/', 'PYTHONPATH': '/home/ilyaes/Desktop/ros2project/moveit2_tuto/ros2_gantry_ws/install/gantry/lib/python3.12/site-packages:/opt/ros/jazzy/lib/python3.12/site-packages', 'LC_NUMERIC': 'en_US.UTF-8', 'LC_PAPER': 'en_US.UTF-8', 'COLCON': '1', 'MEMORY_PRESSURE_WRITE': 'c29tZSAyMDAwMDAgMjAwMDAwMAA=', 'VTE_VERSION': '7600', 'CMAKE_PREFIX_PATH': '/home/ilyaes/Desktop/ros2project/moveit2_tuto/ros2_gantry_ws/install/gantry:/home/ilyaes/Desktop/ros2project/moveit2_tuto/ros2_gantry_ws/install/gantry_moveit_config_2:/home/ilyaes/Desktop/ros2project/moveit2_tuto/ros2_gantry_ws/install/gantry_moveit_config:/opt/ros/jazzy/opt/gz_sim_vendor:/opt/ros/jazzy/opt/gz_sensors_vendor:/opt/ros/jazzy/opt/gz_physics_vendor:/opt/ros/jazzy/opt/sdformat_vendor:/opt/ros/jazzy/opt/gz_gui_vendor:/opt/ros/jazzy/opt/gz_transport_vendor:/opt/ros/jazzy/opt/gz_rendering_vendor:/opt/ros/jazzy/opt/gz_plugin_vendor:/opt/ros/jazzy/opt/gz_fuel_tools_vendor:/opt/ros/jazzy/opt/gz_msgs_vendor:/opt/ros/jazzy/opt/gz_common_vendor:/opt/ros/jazzy/opt/gz_math_vendor:/opt/ros/jazzy/opt/gz_utils_vendor:/opt/ros/jazzy/opt/gz_tools_vendor:/opt/ros/jazzy/opt/gz_ogre_next_vendor:/opt/ros/jazzy/opt/gz_dartsim_vendor:/opt/ros/jazzy/opt/gz_cmake_vendor:/opt/ros/jazzy'}), 'shell': False}
[3.604306] (-) TimerEvent: {}
[3.659328] (gantry_moveit_config_2) StdoutLine: {'line': b'-- The C compiler identification is GNU 13.3.0\n'}
[3.662262] (gantry_moveit_config) StdoutLine: {'line': b'-- The C compiler identification is GNU 13.3.0\n'}
[3.704397] (-) TimerEvent: {}
[3.724134] (gantry_moveit_config) StdoutLine: {'line': b'-- The CXX compiler identification is GNU 13.3.0\n'}
[3.726113] (gantry_moveit_config_2) StdoutLine: {'line': b'-- The CXX compiler identification is GNU 13.3.0\n'}
[3.745349] (gantry_moveit_config) StdoutLine: {'line': b'-- Detecting C compiler ABI info\n'}
[3.745812] (gantry_moveit_config_2) StdoutLine: {'line': b'-- Detecting C compiler ABI info\n'}
[3.804504] (-) TimerEvent: {}
[3.848781] (gantry_moveit_config) StdoutLine: {'line': b'-- Detecting C compiler ABI info - done\n'}
[3.849846] (gantry_moveit_config_2) StdoutLine: {'line': b'-- Detecting C compiler ABI info - done\n'}
[3.862118] (gantry_moveit_config) StdoutLine: {'line': b'-- Check for working C compiler: /usr/bin/cc - skipped\n'}
[3.862678] (gantry_moveit_config) StdoutLine: {'line': b'-- Detecting C compile features\n'}
[3.862860] (gantry_moveit_config) StdoutLine: {'line': b'-- Detecting C compile features - done\n'}
[3.863868] (gantry_moveit_config_2) StdoutLine: {'line': b'-- Check for working C compiler: /usr/bin/cc - skipped\n'}
[3.864170] (gantry_moveit_config_2) StdoutLine: {'line': b'-- Detecting C compile features\n'}
[3.864577] (gantry_moveit_config_2) StdoutLine: {'line': b'-- Detecting C compile features - done\n'}
[3.873378] (gantry_moveit_config) StdoutLine: {'line': b'-- Detecting CXX compiler ABI info\n'}
[3.874431] (gantry_moveit_config_2) StdoutLine: {'line': b'-- Detecting CXX compiler ABI info\n'}
[3.904604] (-) TimerEvent: {}
[3.985055] (gantry_moveit_config) StdoutLine: {'line': b'-- Detecting CXX compiler ABI info - done\n'}
[3.985916] (gantry_moveit_config_2) StdoutLine: {'line': b'-- Detecting CXX compiler ABI info - done\n'}
[4.002921] (gantry_moveit_config) StdoutLine: {'line': b'-- Check for working CXX compiler: /usr/bin/c++ - skipped\n'}
[4.003382] (gantry_moveit_config) StdoutLine: {'line': b'-- Detecting CXX compile features\n'}
[4.003677] (gantry_moveit_config_2) StdoutLine: {'line': b'-- Check for working CXX compiler: /usr/bin/c++ - skipped\n'}
[4.004097] (gantry_moveit_config_2) StdoutLine: {'line': b'-- Detecting CXX compile features\n'}
[4.004252] (gantry_moveit_config) StdoutLine: {'line': b'-- Detecting CXX compile features - done\n'}
[4.004662] (-) TimerEvent: {}
[4.004928] (gantry_moveit_config_2) StdoutLine: {'line': b'-- Detecting CXX compile features - done\n'}
[4.012516] (gantry_moveit_config) StdoutLine: {'line': b'-- Found ament_cmake: 2.5.4 (/opt/ros/jazzy/share/ament_cmake/cmake)\n'}
[4.013195] (gantry_moveit_config_2) StdoutLine: {'line': b'-- Found ament_cmake: 2.5.4 (/opt/ros/jazzy/share/ament_cmake/cmake)\n'}
[4.104754] (-) TimerEvent: {}
[4.205005] (-) TimerEvent: {}
[4.211764] (gantry_moveit_config_2) StdoutLine: {'line': b'-- Found Python3: /usr/bin/python3 (found version "3.12.3") found components: Interpreter \n'}
[4.212637] (gantry_moveit_config) StdoutLine: {'line': b'-- Found Python3: /usr/bin/python3 (found version "3.12.3") found components: Interpreter \n'}
[4.305086] (-) TimerEvent: {}
[4.405312] (-) TimerEvent: {}
[4.449851] (gantry_moveit_config) StdoutLine: {'line': b'-- Configuring done (0.8s)\n'}
[4.454027] (gantry_moveit_config) StdoutLine: {'line': b'-- Generating done (0.0s)\n'}
[4.456243] (gantry_moveit_config_2) StdoutLine: {'line': b'-- Configuring done (0.9s)\n'}
[4.457051] (gantry_moveit_config) StdoutLine: {'line': b'-- Build files have been written to: /home/ilyaes/Desktop/ros2project/moveit2_tuto/ros2_gantry_ws/build/gantry_moveit_config\n'}
[4.460563] (gantry_moveit_config_2) StdoutLine: {'line': b'-- Generating done (0.0s)\n'}
[4.463812] (gantry_moveit_config_2) StdoutLine: {'line': b'-- Build files have been written to: /home/ilyaes/Desktop/ros2project/moveit2_tuto/ros2_gantry_ws/build/gantry_moveit_config_2\n'}
[4.464090] (gantry_moveit_config) CommandEnded: {'returncode': 0}
[4.464659] (gantry_moveit_config) JobProgress: {'identifier': 'gantry_moveit_config', 'progress': 'build'}
[4.465091] (gantry_moveit_config) Command: {'cmd': ['/usr/bin/cmake', '--build', '/home/ilyaes/Desktop/ros2project/moveit2_tuto/ros2_gantry_ws/build/gantry_moveit_config', '--', '-j8', '-l8'], 'cwd': '/home/ilyaes/Desktop/ros2project/moveit2_tuto/ros2_gantry_ws/build/gantry_moveit_config', 'env': OrderedDict({'LESSOPEN': '| /usr/bin/lesspipe %s', 'GZ_SIM_RESOURCE_PATH': '/home/ilyaes/.gz/fuel/fuel.gazebosim.org/openrobotics/models:/opt/ros/jazzy/share', 'USER': 'ilyaes', 'LC_TIME': 'en_US.UTF-8', 'GZ_CONFIG_PATH': '/opt/ros/jazzy/opt/gz_sim_vendor/share/gz:/opt/ros/jazzy/opt/sdformat_vendor/share/gz:/opt/ros/jazzy/opt/gz_gui_vendor/share/gz:/opt/ros/jazzy/opt/gz_transport_vendor/share/gz:/opt/ros/jazzy/opt/gz_rendering_vendor/share/gz:/opt/ros/jazzy/opt/gz_plugin_vendor/share/gz:/opt/ros/jazzy/opt/gz_fuel_tools_vendor/share/gz:/opt/ros/jazzy/opt/gz_msgs_vendor/share/gz:/opt/ros/jazzy/opt/gz_common_vendor/share/gz', 'XDG_SESSION_TYPE': 'x11', 'SHLVL': '1', 'LD_LIBRARY_PATH': '/usr/local/openmpi-5.0.9/lib:/opt/ros/jazzy/opt/gz_sim_vendor/lib:/opt/ros/jazzy/opt/gz_sensors_vendor/lib:/opt/ros/jazzy/opt/gz_physics_vendor/lib:/opt/ros/jazzy/opt/sdformat_vendor/lib:/opt/ros/jazzy/opt/rviz_ogre_vendor/lib:/opt/ros/jazzy/lib/x86_64-linux-gnu:/opt/ros/jazzy/opt/gz_gui_vendor/lib:/opt/ros/jazzy/opt/gz_transport_vendor/lib:/opt/ros/jazzy/opt/gz_rendering_vendor/lib:/opt/ros/jazzy/opt/gz_plugin_vendor/lib:/opt/ros/jazzy/opt/gz_fuel_tools_vendor/lib:/opt/ros/jazzy/opt/gz_msgs_vendor/lib:/opt/ros/jazzy/opt/gz_common_vendor/lib:/opt/ros/jazzy/opt/gz_math_vendor/lib:/opt/ros/jazzy/opt/gz_utils_vendor/lib:/opt/ros/jazzy/opt/gz_tools_vendor/lib:/opt/ros/jazzy/opt/gz_ogre_next_vendor/lib:/opt/ros/jazzy/opt/gz_dartsim_vendor/lib:/opt/ros/jazzy/opt/gz_cmake_vendor/lib:/opt/ros/jazzy/lib', 'HOME': '/home/ilyaes', 'DESKTOP_SESSION': 'ubuntu', 'NVM_BIN': '/home/ilyaes/.nvm/versions/node/v20.15.0/bin', 'NVM_INC': '/home/ilyaes/.nvm/versions/node/v20.15.0/include/node', 'ROS_PYTHON_VERSION': '3', 'GNOME_SHELL_SESSION_MODE': 'ubuntu', 'GTK_MODULES': 'gail:atk-bridge', 'LC_MONETARY': 'en_US.UTF-8', 'DBUS_STARTER_BUS_TYPE': 'session', 'SYSTEMD_EXEC_PID': '2539', 'GSM_SKIP_SSH_AGENT_WORKAROUND': 'true', 'DBUS_SESSION_BUS_ADDRESS': 'unix:path=/run/user/1000/bus,guid=64482280fc8ec729f8b95dd56920d6c7', 'COLORTERM': 'truecolor', 'LIBVIRT_DEFAULT_URI': 'qemu:///system', 'NVM_DIR': '/home/ilyaes/.nvm', 'DEBUGINFOD_URLS': 'https://debuginfod.ubuntu.com', 'COLCON_PREFIX_PATH': '/home/ilyaes/Desktop/ros2project/moveit2_tuto/ros2_gantry_ws/install', 'ROS_DISTRO': 'jazzy', 'LOGNAME': 'ilyaes', '_': '/home/ilyaes/.local/bin/colcon', 'ROS_VERSION': '2', 'MEMORY_PRESSURE_WATCH': '/sys/fs/cgroup/user.slice/user-1000.slice/user@1000.service/app.slice/app-gnome\\x2dsession\\x2dmanager.slice/gnome-session-manager@ubuntu.service/memory.pressure', 'XDG_SESSION_CLASS': 'user', 'USERNAME': 'ilyaes', 'TERM': 'xterm-256color', 'GNOME_DESKTOP_SESSION_ID': 'this-is-deprecated', 'WINDOWPATH': '2', 'PATH': '/usr/local/openmpi-5.0.9/bin:/opt/CoppeliaSim:/opt/ros/jazzy/opt/gz_msgs_vendor/bin:/opt/ros/jazzy/opt/gz_tools_vendor/bin:/opt/ros/jazzy/opt/gz_ogre_next_vendor/bin:/opt/ros/jazzy/bin:/home/ilyaes/.nvm/versions/node/v20.15.0/bin:/home/ilyaes/.local/bin:/home/ilyaes/bin:/usr/local/sbin:/usr/local/bin:/usr/sbin:/usr/bin:/sbin:/bin:/usr/games:/usr/local/games:/snap/bin:/snap/bin:/home/ilyaes:/home/ilyaes/Desktop/ros2project/sourcews', 'SESSION_MANAGER': 'local/ilyaes-GF63-Thin-9SC:@/tmp/.ICE-unix/2539,unix/ilyaes-GF63-Thin-9SC:/tmp/.ICE-unix/2539', 'PAPERSIZE': 'letter', 'XDG_MENU_PREFIX': 'gnome-', 'LC_ADDRESS': 'en_US.UTF-8', 'GNOME_TERMINAL_SCREEN': '/org/gnome/Terminal/screen/a3f7b846_35af_4a2a_8217_1d1361860643', 'XDG_RUNTIME_DIR': '/run/user/1000', 'DISPLAY': ':0', 'LANG': 'en_US.UTF-8', 'XDG_CURRENT_DESKTOP': 'ubuntu:GNOME', 'LC_TELEPHONE': 'en_US.UTF-8', 'XMODIFIERS': '@im=ibus', 'XDG_SESSION_DESKTOP': 'ubuntu', 'XAUTHORITY': '/run/user/1000/gdm/Xauthority', 'LS_COLORS': 'rs=0:di=01;34:ln=01;36:mh=00:pi=40;33:so=01;35:do=01;35:bd=40;33;01:cd=40;33;01:or=40;31;01:mi=00:su=37;41:sg=30;43:ca=00:tw=30;42:ow=34;42:st=37;44:ex=01;32:*.tar=01;31:*.tgz=01;31:*.arc=01;31:*.arj=01;31:*.taz=01;31:*.lha=01;31:*.lz4=01;31:*.lzh=01;31:*.lzma=01;31:*.tlz=01;31:*.txz=01;31:*.tzo=01;31:*.t7z=01;31:*.zip=01;31:*.z=01;31:*.dz=01;31:*.gz=01;31:*.lrz=01;31:*.lz=01;31:*.lzo=01;31:*.xz=01;31:*.zst=01;31:*.tzst=01;31:*.bz2=01;31:*.bz=01;31:*.tbz=01;31:*.tbz2=01;31:*.tz=01;31:*.deb=01;31:*.rpm=01;31:*.jar=01;31:*.war=01;31:*.ear=01;31:*.sar=01;31:*.rar=01;31:*.alz=01;31:*.ace=01;31:*.zoo=01;31:*.cpio=01;31:*.7z=01;31:*.rz=01;31:*.cab=01;31:*.wim=01;31:*.swm=01;31:*.dwm=01;31:*.esd=01;31:*.avif=01;35:*.jpg=01;35:*.jpeg=01;35:*.mjpg=01;35:*.mjpeg=01;35:*.gif=01;35:*.bmp=01;35:*.pbm=01;35:*.pgm=01;35:*.ppm=01;35:*.tga=01;35:*.xbm=01;35:*.xpm=01;35:*.tif=01;35:*.tiff=01;35:*.png=01;35:*.svg=01;35:*.svgz=01;35:*.mng=01;35:*.pcx=01;35:*.mov=01;35:*.mpg=01;35:*.mpeg=01;35:*.m2v=01;35:*.mkv=01;35:*.webm=01;35:*.webp=01;35:*.ogm=01;35:*.mp4=01;35:*.m4v=01;35:*.mp4v=01;35:*.vob=01;35:*.qt=01;35:*.nuv=01;35:*.wmv=01;35:*.asf=01;35:*.rm=01;35:*.rmvb=01;35:*.flc=01;35:*.avi=01;35:*.fli=01;35:*.flv=01;35:*.gl=01;35:*.dl=01;35:*.xcf=01;35:*.xwd=01;35:*.yuv=01;35:*.cgm=01;35:*.emf=01;35:*.ogv=01;35:*.ogx=01;35:*.aac=00;36:*.au=00;36:*.flac=00;36:*.m4a=00;36:*.mid=00;36:*.midi=00;36:*.mka=00;36:*.mp3=00;36:*.mpc=00;36:*.ogg=00;36:*.ra=00;36:*.wav=00;36:*.oga=00;36:*.opus=00;36:*.spx=00;36:*.xspf=00;36:*~=00;90:*#=00;90:*.bak=00;90:*.crdownload=00;90:*.dpkg-dist=00;90:*.dpkg-new=00;90:*.dpkg-old=00;90:*.dpkg-tmp=00;90:*.old=00;90:*.orig=00;90:*.part=00;90:*.rej=00;90:*.rpmnew=00;90:*.rpmorig=00;90:*.rpmsave=00;90:*.swp=00;90:*.tmp=00;90:*.ucf-dist=00;90:*.ucf-new=00;90:*.ucf-old=00;90:', 'GNOME_TERMINAL_SERVICE': ':1.147', 'SSH_AUTH_SOCK': '/run/user/1000/keyring/ssh', 'AMENT_PREFIX_PATH': '/home/ilyaes/Desktop/ros2project/moveit2_tuto/ros2_gantry_ws/install/gantry_moveit_config_2:/home/ilyaes/Desktop/ros2project/moveit2_tuto/ros2_gantry_ws/install/gantry_moveit_config:/home/ilyaes/Desktop/ros2project/moveit2_tuto/ros2_gantry_ws/install/gantry:/opt/ros/jazzy', 'SHELL': '/bin/bash', 'LC_NAME': 'en_US.UTF-8', 'QT_ACCESSIBILITY': '1', 'GDMSESSION': 'ubuntu', 'LESSCLOSE': '/usr/bin/lesspipe %s %s', 'LC_MEASUREMENT': 'en_US.UTF-8', 'GPG_AGENT_INFO': '/run/user/1000/gnupg/S.gpg-agent:0:1', 'LC_IDENTIFICATION': 'en_US.UTF-8', 'ROS_AUTOMATIC_DISCOVERY_RANGE': 'SUBNET', 'QT_IM_MODULE': 'ibus', 'PWD': '/home/ilyaes/Desktop/ros2project/moveit2_tuto/ros2_gantry_ws/build/gantry_moveit_config', 'QT_QPA_PLATFORM': 'xcb', 'LC_ALL': 'en_US.UTF-8', 'XDG_CONFIG_DIRS': '/etc/xdg/xdg-ubuntu:/etc/xdg', 'NVM_CD_FLAGS': '', 'DBUS_STARTER_ADDRESS': 'unix:path=/run/user/1000/bus,guid=64482280fc8ec729f8b95dd56920d6c7', 'XDG_DATA_DIRS': '/usr/share/ubuntu:/usr/share/gnome:/home/ilyaes/.local/share/flatpak/exports/share:/var/lib/flatpak/exports/share:/usr/local/share/:/usr/share/:/var/lib/snapd/desktop', 'QTWEBENGINE_DICTIONARIES_PATH': '/usr/share/hunspell-bdic/', 'PYTHONPATH': '/home/ilyaes/Desktop/ros2project/moveit2_tuto/ros2_gantry_ws/install/gantry/lib/python3.12/site-packages:/opt/ros/jazzy/lib/python3.12/site-packages', 'LC_NUMERIC': 'en_US.UTF-8', 'LC_PAPER': 'en_US.UTF-8', 'COLCON': '1', 'MEMORY_PRESSURE_WRITE': 'c29tZSAyMDAwMDAgMjAwMDAwMAA=', 'VTE_VERSION': '7600', 'CMAKE_PREFIX_PATH': '/home/ilyaes/Desktop/ros2project/moveit2_tuto/ros2_gantry_ws/install/gantry:/home/ilyaes/Desktop/ros2project/moveit2_tuto/ros2_gantry_ws/install/gantry_moveit_config_2:/home/ilyaes/Desktop/ros2project/moveit2_tuto/ros2_gantry_ws/install/gantry_moveit_config:/opt/ros/jazzy/opt/gz_sim_vendor:/opt/ros/jazzy/opt/gz_sensors_vendor:/opt/ros/jazzy/opt/gz_physics_vendor:/opt/ros/jazzy/opt/sdformat_vendor:/opt/ros/jazzy/opt/gz_gui_vendor:/opt/ros/jazzy/opt/gz_transport_vendor:/opt/ros/jazzy/opt/gz_rendering_vendor:/opt/ros/jazzy/opt/gz_plugin_vendor:/opt/ros/jazzy/opt/gz_fuel_tools_vendor:/opt/ros/jazzy/opt/gz_msgs_vendor:/opt/ros/jazzy/opt/gz_common_vendor:/opt/ros/jazzy/opt/gz_math_vendor:/opt/ros/jazzy/opt/gz_utils_vendor:/opt/ros/jazzy/opt/gz_tools_vendor:/opt/ros/jazzy/opt/gz_ogre_next_vendor:/opt/ros/jazzy/opt/gz_dartsim_vendor:/opt/ros/jazzy/opt/gz_cmake_vendor:/opt/ros/jazzy'}), 'shell': False}
[4.468902] (gantry_moveit_config_2) CommandEnded: {'returncode': 0}
[4.469414] (gantry_moveit_config_2) JobProgress: {'identifier': 'gantry_moveit_config_2', 'progress': 'build'}
[4.469765] (gantry_moveit_config_2) Command: {'cmd': ['/usr/bin/cmake', '--build', '/home/ilyaes/Desktop/ros2project/moveit2_tuto/ros2_gantry_ws/build/gantry_moveit_config_2', '--', '-j8', '-l8'], 'cwd': '/home/ilyaes/Desktop/ros2project/moveit2_tuto/ros2_gantry_ws/build/gantry_moveit_config_2', 'env': OrderedDict({'LESSOPEN': '| /usr/bin/lesspipe %s', 'GZ_SIM_RESOURCE_PATH': '/home/ilyaes/.gz/fuel/fuel.gazebosim.org/openrobotics/models:/opt/ros/jazzy/share', 'USER': 'ilyaes', 'LC_TIME': 'en_US.UTF-8', 'GZ_CONFIG_PATH': '/opt/ros/jazzy/opt/gz_sim_vendor/share/gz:/opt/ros/jazzy/opt/sdformat_vendor/share/gz:/opt/ros/jazzy/opt/gz_gui_vendor/share/gz:/opt/ros/jazzy/opt/gz_transport_vendor/share/gz:/opt/ros/jazzy/opt/gz_rendering_vendor/share/gz:/opt/ros/jazzy/opt/gz_plugin_vendor/share/gz:/opt/ros/jazzy/opt/gz_fuel_tools_vendor/share/gz:/opt/ros/jazzy/opt/gz_msgs_vendor/share/gz:/opt/ros/jazzy/opt/gz_common_vendor/share/gz', 'XDG_SESSION_TYPE': 'x11', 'SHLVL': '1', 'LD_LIBRARY_PATH': '/usr/local/openmpi-5.0.9/lib:/opt/ros/jazzy/opt/gz_sim_vendor/lib:/opt/ros/jazzy/opt/gz_sensors_vendor/lib:/opt/ros/jazzy/opt/gz_physics_vendor/lib:/opt/ros/jazzy/opt/sdformat_vendor/lib:/opt/ros/jazzy/opt/rviz_ogre_vendor/lib:/opt/ros/jazzy/lib/x86_64-linux-gnu:/opt/ros/jazzy/opt/gz_gui_vendor/lib:/opt/ros/jazzy/opt/gz_transport_vendor/lib:/opt/ros/jazzy/opt/gz_rendering_vendor/lib:/opt/ros/jazzy/opt/gz_plugin_vendor/lib:/opt/ros/jazzy/opt/gz_fuel_tools_vendor/lib:/opt/ros/jazzy/opt/gz_msgs_vendor/lib:/opt/ros/jazzy/opt/gz_common_vendor/lib:/opt/ros/jazzy/opt/gz_math_vendor/lib:/opt/ros/jazzy/opt/gz_utils_vendor/lib:/opt/ros/jazzy/opt/gz_tools_vendor/lib:/opt/ros/jazzy/opt/gz_ogre_next_vendor/lib:/opt/ros/jazzy/opt/gz_dartsim_vendor/lib:/opt/ros/jazzy/opt/gz_cmake_vendor/lib:/opt/ros/jazzy/lib', 'HOME': '/home/ilyaes', 'DESKTOP_SESSION': 'ubuntu', 'NVM_BIN': '/home/ilyaes/.nvm/versions/node/v20.15.0/bin', 'NVM_INC': '/home/ilyaes/.nvm/versions/node/v20.15.0/include/node', 'ROS_PYTHON_VERSION': '3', 'GNOME_SHELL_SESSION_MODE': 'ubuntu', 'GTK_MODULES': 'gail:atk-bridge', 'LC_MONETARY': 'en_US.UTF-8', 'DBUS_STARTER_BUS_TYPE': 'session', 'SYSTEMD_EXEC_PID': '2539', 'GSM_SKIP_SSH_AGENT_WORKAROUND': 'true', 'DBUS_SESSION_BUS_ADDRESS': 'unix:path=/run/user/1000/bus,guid=64482280fc8ec729f8b95dd56920d6c7', 'COLORTERM': 'truecolor', 'LIBVIRT_DEFAULT_URI': 'qemu:///system', 'NVM_DIR': '/home/ilyaes/.nvm', 'DEBUGINFOD_URLS': 'https://debuginfod.ubuntu.com', 'COLCON_PREFIX_PATH': '/home/ilyaes/Desktop/ros2project/moveit2_tuto/ros2_gantry_ws/install', 'ROS_DISTRO': 'jazzy', 'LOGNAME': 'ilyaes', '_': '/home/ilyaes/.local/bin/colcon', 'ROS_VERSION': '2', 'MEMORY_PRESSURE_WATCH': '/sys/fs/cgroup/user.slice/user-1000.slice/user@1000.service/app.slice/app-gnome\\x2dsession\\x2dmanager.slice/gnome-session-manager@ubuntu.service/memory.pressure', 'XDG_SESSION_CLASS': 'user', 'USERNAME': 'ilyaes', 'TERM': 'xterm-256color', 'GNOME_DESKTOP_SESSION_ID': 'this-is-deprecated', 'WINDOWPATH': '2', 'PATH': '/usr/local/openmpi-5.0.9/bin:/opt/CoppeliaSim:/opt/ros/jazzy/opt/gz_msgs_vendor/bin:/opt/ros/jazzy/opt/gz_tools_vendor/bin:/opt/ros/jazzy/opt/gz_ogre_next_vendor/bin:/opt/ros/jazzy/bin:/home/ilyaes/.nvm/versions/node/v20.15.0/bin:/home/ilyaes/.local/bin:/home/ilyaes/bin:/usr/local/sbin:/usr/local/bin:/usr/sbin:/usr/bin:/sbin:/bin:/usr/games:/usr/local/games:/snap/bin:/snap/bin:/home/ilyaes:/home/ilyaes/Desktop/ros2project/sourcews', 'SESSION_MANAGER': 'local/ilyaes-GF63-Thin-9SC:@/tmp/.ICE-unix/2539,unix/ilyaes-GF63-Thin-9SC:/tmp/.ICE-unix/2539', 'PAPERSIZE': 'letter', 'XDG_MENU_PREFIX': 'gnome-', 'LC_ADDRESS': 'en_US.UTF-8', 'GNOME_TERMINAL_SCREEN': '/org/gnome/Terminal/screen/a3f7b846_35af_4a2a_8217_1d1361860643', 'XDG_RUNTIME_DIR': '/run/user/1000', 'DISPLAY': ':0', 'LANG': 'en_US.UTF-8', 'XDG_CURRENT_DESKTOP': 'ubuntu:GNOME', 'LC_TELEPHONE': 'en_US.UTF-8', 'XMODIFIERS': '@im=ibus', 'XDG_SESSION_DESKTOP': 'ubuntu', 'XAUTHORITY': '/run/user/1000/gdm/Xauthority', 'LS_COLORS': 'rs=0:di=01;34:ln=01;36:mh=00:pi=40;33:so=01;35:do=01;35:bd=40;33;01:cd=40;33;01:or=40;31;01:mi=00:su=37;41:sg=30;43:ca=00:tw=30;42:ow=34;42:st=37;44:ex=01;32:*.tar=01;31:*.tgz=01;31:*.arc=01;31:*.arj=01;31:*.taz=01;31:*.lha=01;31:*.lz4=01;31:*.lzh=01;31:*.lzma=01;31:*.tlz=01;31:*.txz=01;31:*.tzo=01;31:*.t7z=01;31:*.zip=01;31:*.z=01;31:*.dz=01;31:*.gz=01;31:*.lrz=01;31:*.lz=01;31:*.lzo=01;31:*.xz=01;31:*.zst=01;31:*.tzst=01;31:*.bz2=01;31:*.bz=01;31:*.tbz=01;31:*.tbz2=01;31:*.tz=01;31:*.deb=01;31:*.rpm=01;31:*.jar=01;31:*.war=01;31:*.ear=01;31:*.sar=01;31:*.rar=01;31:*.alz=01;31:*.ace=01;31:*.zoo=01;31:*.cpio=01;31:*.7z=01;31:*.rz=01;31:*.cab=01;31:*.wim=01;31:*.swm=01;31:*.dwm=01;31:*.esd=01;31:*.avif=01;35:*.jpg=01;35:*.jpeg=01;35:*.mjpg=01;35:*.mjpeg=01;35:*.gif=01;35:*.bmp=01;35:*.pbm=01;35:*.pgm=01;35:*.ppm=01;35:*.tga=01;35:*.xbm=01;35:*.xpm=01;35:*.tif=01;35:*.tiff=01;35:*.png=01;35:*.svg=01;35:*.svgz=01;35:*.mng=01;35:*.pcx=01;35:*.mov=01;35:*.mpg=01;35:*.mpeg=01;35:*.m2v=01;35:*.mkv=01;35:*.webm=01;35:*.webp=01;35:*.ogm=01;35:*.mp4=01;35:*.m4v=01;35:*.mp4v=01;35:*.vob=01;35:*.qt=01;35:*.nuv=01;35:*.wmv=01;35:*.asf=01;35:*.rm=01;35:*.rmvb=01;35:*.flc=01;35:*.avi=01;35:*.fli=01;35:*.flv=01;35:*.gl=01;35:*.dl=01;35:*.xcf=01;35:*.xwd=01;35:*.yuv=01;35:*.cgm=01;35:*.emf=01;35:*.ogv=01;35:*.ogx=01;35:*.aac=00;36:*.au=00;36:*.flac=00;36:*.m4a=00;36:*.mid=00;36:*.midi=00;36:*.mka=00;36:*.mp3=00;36:*.mpc=00;36:*.ogg=00;36:*.ra=00;36:*.wav=00;36:*.oga=00;36:*.opus=00;36:*.spx=00;36:*.xspf=00;36:*~=00;90:*#=00;90:*.bak=00;90:*.crdownload=00;90:*.dpkg-dist=00;90:*.dpkg-new=00;90:*.dpkg-old=00;90:*.dpkg-tmp=00;90:*.old=00;90:*.orig=00;90:*.part=00;90:*.rej=00;90:*.rpmnew=00;90:*.rpmorig=00;90:*.rpmsave=00;90:*.swp=00;90:*.tmp=00;90:*.ucf-dist=00;90:*.ucf-new=00;90:*.ucf-old=00;90:', 'GNOME_TERMINAL_SERVICE': ':1.147', 'SSH_AUTH_SOCK': '/run/user/1000/keyring/ssh', 'AMENT_PREFIX_PATH': '/home/ilyaes/Desktop/ros2project/moveit2_tuto/ros2_gantry_ws/install/gantry_moveit_config_2:/home/ilyaes/Desktop/ros2project/moveit2_tuto/ros2_gantry_ws/install/gantry_moveit_config:/home/ilyaes/Desktop/ros2project/moveit2_tuto/ros2_gantry_ws/install/gantry:/opt/ros/jazzy', 'SHELL': '/bin/bash', 'LC_NAME': 'en_US.UTF-8', 'QT_ACCESSIBILITY': '1', 'GDMSESSION': 'ubuntu', 'LESSCLOSE': '/usr/bin/lesspipe %s %s', 'LC_MEASUREMENT': 'en_US.UTF-8', 'GPG_AGENT_INFO': '/run/user/1000/gnupg/S.gpg-agent:0:1', 'LC_IDENTIFICATION': 'en_US.UTF-8', 'ROS_AUTOMATIC_DISCOVERY_RANGE': 'SUBNET', 'QT_IM_MODULE': 'ibus', 'PWD': '/home/ilyaes/Desktop/ros2project/moveit2_tuto/ros2_gantry_ws/build/gantry_moveit_config_2', 'QT_QPA_PLATFORM': 'xcb', 'LC_ALL': 'en_US.UTF-8', 'XDG_CONFIG_DIRS': '/etc/xdg/xdg-ubuntu:/etc/xdg', 'NVM_CD_FLAGS': '', 'DBUS_STARTER_ADDRESS': 'unix:path=/run/user/1000/bus,guid=64482280fc8ec729f8b95dd56920d6c7', 'XDG_DATA_DIRS': '/usr/share/ubuntu:/usr/share/gnome:/home/ilyaes/.local/share/flatpak/exports/share:/var/lib/flatpak/exports/share:/usr/local/share/:/usr/share/:/var/lib/snapd/desktop', 'QTWEBENGINE_DICTIONARIES_PATH': '/usr/share/hunspell-bdic/', 'PYTHONPATH': '/home/ilyaes/Desktop/ros2project/moveit2_tuto/ros2_gantry_ws/install/gantry/lib/python3.12/site-packages:/opt/ros/jazzy/lib/python3.12/site-packages', 'LC_NUMERIC': 'en_US.UTF-8', 'LC_PAPER': 'en_US.UTF-8', 'COLCON': '1', 'MEMORY_PRESSURE_WRITE': 'c29tZSAyMDAwMDAgMjAwMDAwMAA=', 'VTE_VERSION': '7600', 'CMAKE_PREFIX_PATH': '/home/ilyaes/Desktop/ros2project/moveit2_tuto/ros2_gantry_ws/install/gantry:/home/ilyaes/Desktop/ros2project/moveit2_tuto/ros2_gantry_ws/install/gantry_moveit_config_2:/home/ilyaes/Desktop/ros2project/moveit2_tuto/ros2_gantry_ws/install/gantry_moveit_config:/opt/ros/jazzy/opt/gz_sim_vendor:/opt/ros/jazzy/opt/gz_sensors_vendor:/opt/ros/jazzy/opt/gz_physics_vendor:/opt/ros/jazzy/opt/sdformat_vendor:/opt/ros/jazzy/opt/gz_gui_vendor:/opt/ros/jazzy/opt/gz_transport_vendor:/opt/ros/jazzy/opt/gz_rendering_vendor:/opt/ros/jazzy/opt/gz_plugin_vendor:/opt/ros/jazzy/opt/gz_fuel_tools_vendor:/opt/ros/jazzy/opt/gz_msgs_vendor:/opt/ros/jazzy/opt/gz_common_vendor:/opt/ros/jazzy/opt/gz_math_vendor:/opt/ros/jazzy/opt/gz_utils_vendor:/opt/ros/jazzy/opt/gz_tools_vendor:/opt/ros/jazzy/opt/gz_ogre_next_vendor:/opt/ros/jazzy/opt/gz_dartsim_vendor:/opt/ros/jazzy/opt/gz_cmake_vendor:/opt/ros/jazzy'}), 'shell': False}
[4.505409] (-) TimerEvent: {}
[4.510251] (gantry_moveit_config) CommandEnded: {'returncode': 0}
[4.511135] (gantry_moveit_config) JobProgress: {'identifier': 'gantry_moveit_config', 'progress': 'install'}
[4.511319] (gantry_moveit_config) Command: {'cmd': ['/usr/bin/cmake', '--install', '/home/ilyaes/Desktop/ros2project/moveit2_tuto/ros2_gantry_ws/build/gantry_moveit_config'], 'cwd': '/home/ilyaes/Desktop/ros2project/moveit2_tuto/ros2_gantry_ws/build/gantry_moveit_config', 'env': OrderedDict({'LESSOPEN': '| /usr/bin/lesspipe %s', 'GZ_SIM_RESOURCE_PATH': '/home/ilyaes/.gz/fuel/fuel.gazebosim.org/openrobotics/models:/opt/ros/jazzy/share', 'USER': 'ilyaes', 'LC_TIME': 'en_US.UTF-8', 'GZ_CONFIG_PATH': '/opt/ros/jazzy/opt/gz_sim_vendor/share/gz:/opt/ros/jazzy/opt/sdformat_vendor/share/gz:/opt/ros/jazzy/opt/gz_gui_vendor/share/gz:/opt/ros/jazzy/opt/gz_transport_vendor/share/gz:/opt/ros/jazzy/opt/gz_rendering_vendor/share/gz:/opt/ros/jazzy/opt/gz_plugin_vendor/share/gz:/opt/ros/jazzy/opt/gz_fuel_tools_vendor/share/gz:/opt/ros/jazzy/opt/gz_msgs_vendor/share/gz:/opt/ros/jazzy/opt/gz_common_vendor/share/gz', 'XDG_SESSION_TYPE': 'x11', 'SHLVL': '1', 'LD_LIBRARY_PATH': '/usr/local/openmpi-5.0.9/lib:/opt/ros/jazzy/opt/gz_sim_vendor/lib:/opt/ros/jazzy/opt/gz_sensors_vendor/lib:/opt/ros/jazzy/opt/gz_physics_vendor/lib:/opt/ros/jazzy/opt/sdformat_vendor/lib:/opt/ros/jazzy/opt/rviz_ogre_vendor/lib:/opt/ros/jazzy/lib/x86_64-linux-gnu:/opt/ros/jazzy/opt/gz_gui_vendor/lib:/opt/ros/jazzy/opt/gz_transport_vendor/lib:/opt/ros/jazzy/opt/gz_rendering_vendor/lib:/opt/ros/jazzy/opt/gz_plugin_vendor/lib:/opt/ros/jazzy/opt/gz_fuel_tools_vendor/lib:/opt/ros/jazzy/opt/gz_msgs_vendor/lib:/opt/ros/jazzy/opt/gz_common_vendor/lib:/opt/ros/jazzy/opt/gz_math_vendor/lib:/opt/ros/jazzy/opt/gz_utils_vendor/lib:/opt/ros/jazzy/opt/gz_tools_vendor/lib:/opt/ros/jazzy/opt/gz_ogre_next_vendor/lib:/opt/ros/jazzy/opt/gz_dartsim_vendor/lib:/opt/ros/jazzy/opt/gz_cmake_vendor/lib:/opt/ros/jazzy/lib', 'HOME': '/home/ilyaes', 'DESKTOP_SESSION': 'ubuntu', 'NVM_BIN': '/home/ilyaes/.nvm/versions/node/v20.15.0/bin', 'NVM_INC': '/home/ilyaes/.nvm/versions/node/v20.15.0/include/node', 'ROS_PYTHON_VERSION': '3', 'GNOME_SHELL_SESSION_MODE': 'ubuntu', 'GTK_MODULES': 'gail:atk-bridge', 'LC_MONETARY': 'en_US.UTF-8', 'DBUS_STARTER_BUS_TYPE': 'session', 'SYSTEMD_EXEC_PID': '2539', 'GSM_SKIP_SSH_AGENT_WORKAROUND': 'true', 'DBUS_SESSION_BUS_ADDRESS': 'unix:path=/run/user/1000/bus,guid=64482280fc8ec729f8b95dd56920d6c7', 'COLORTERM': 'truecolor', 'LIBVIRT_DEFAULT_URI': 'qemu:///system', 'NVM_DIR': '/home/ilyaes/.nvm', 'DEBUGINFOD_URLS': 'https://debuginfod.ubuntu.com', 'COLCON_PREFIX_PATH': '/home/ilyaes/Desktop/ros2project/moveit2_tuto/ros2_gantry_ws/install', 'ROS_DISTRO': 'jazzy', 'LOGNAME': 'ilyaes', '_': '/home/ilyaes/.local/bin/colcon', 'ROS_VERSION': '2', 'MEMORY_PRESSURE_WATCH': '/sys/fs/cgroup/user.slice/user-1000.slice/user@1000.service/app.slice/app-gnome\\x2dsession\\x2dmanager.slice/gnome-session-manager@ubuntu.service/memory.pressure', 'XDG_SESSION_CLASS': 'user', 'USERNAME': 'ilyaes', 'TERM': 'xterm-256color', 'GNOME_DESKTOP_SESSION_ID': 'this-is-deprecated', 'WINDOWPATH': '2', 'PATH': '/usr/local/openmpi-5.0.9/bin:/opt/CoppeliaSim:/opt/ros/jazzy/opt/gz_msgs_vendor/bin:/opt/ros/jazzy/opt/gz_tools_vendor/bin:/opt/ros/jazzy/opt/gz_ogre_next_vendor/bin:/opt/ros/jazzy/bin:/home/ilyaes/.nvm/versions/node/v20.15.0/bin:/home/ilyaes/.local/bin:/home/ilyaes/bin:/usr/local/sbin:/usr/local/bin:/usr/sbin:/usr/bin:/sbin:/bin:/usr/games:/usr/local/games:/snap/bin:/snap/bin:/home/ilyaes:/home/ilyaes/Desktop/ros2project/sourcews', 'SESSION_MANAGER': 'local/ilyaes-GF63-Thin-9SC:@/tmp/.ICE-unix/2539,unix/ilyaes-GF63-Thin-9SC:/tmp/.ICE-unix/2539', 'PAPERSIZE': 'letter', 'XDG_MENU_PREFIX': 'gnome-', 'LC_ADDRESS': 'en_US.UTF-8', 'GNOME_TERMINAL_SCREEN': '/org/gnome/Terminal/screen/a3f7b846_35af_4a2a_8217_1d1361860643', 'XDG_RUNTIME_DIR': '/run/user/1000', 'DISPLAY': ':0', 'LANG': 'en_US.UTF-8', 'XDG_CURRENT_DESKTOP': 'ubuntu:GNOME', 'LC_TELEPHONE': 'en_US.UTF-8', 'XMODIFIERS': '@im=ibus', 'XDG_SESSION_DESKTOP': 'ubuntu', 'XAUTHORITY': '/run/user/1000/gdm/Xauthority', 'LS_COLORS': 'rs=0:di=01;34:ln=01;36:mh=00:pi=40;33:so=01;35:do=01;35:bd=40;33;01:cd=40;33;01:or=40;31;01:mi=00:su=37;41:sg=30;43:ca=00:tw=30;42:ow=34;42:st=37;44:ex=01;32:*.tar=01;31:*.tgz=01;31:*.arc=01;31:*.arj=01;31:*.taz=01;31:*.lha=01;31:*.lz4=01;31:*.lzh=01;31:*.lzma=01;31:*.tlz=01;31:*.txz=01;31:*.tzo=01;31:*.t7z=01;31:*.zip=01;31:*.z=01;31:*.dz=01;31:*.gz=01;31:*.lrz=01;31:*.lz=01;31:*.lzo=01;31:*.xz=01;31:*.zst=01;31:*.tzst=01;31:*.bz2=01;31:*.bz=01;31:*.tbz=01;31:*.tbz2=01;31:*.tz=01;31:*.deb=01;31:*.rpm=01;31:*.jar=01;31:*.war=01;31:*.ear=01;31:*.sar=01;31:*.rar=01;31:*.alz=01;31:*.ace=01;31:*.zoo=01;31:*.cpio=01;31:*.7z=01;31:*.rz=01;31:*.cab=01;31:*.wim=01;31:*.swm=01;31:*.dwm=01;31:*.esd=01;31:*.avif=01;35:*.jpg=01;35:*.jpeg=01;35:*.mjpg=01;35:*.mjpeg=01;35:*.gif=01;35:*.bmp=01;35:*.pbm=01;35:*.pgm=01;35:*.ppm=01;35:*.tga=01;35:*.xbm=01;35:*.xpm=01;35:*.tif=01;35:*.tiff=01;35:*.png=01;35:*.svg=01;35:*.svgz=01;35:*.mng=01;35:*.pcx=01;35:*.mov=01;35:*.mpg=01;35:*.mpeg=01;35:*.m2v=01;35:*.mkv=01;35:*.webm=01;35:*.webp=01;35:*.ogm=01;35:*.mp4=01;35:*.m4v=01;35:*.mp4v=01;35:*.vob=01;35:*.qt=01;35:*.nuv=01;35:*.wmv=01;35:*.asf=01;35:*.rm=01;35:*.rmvb=01;35:*.flc=01;35:*.avi=01;35:*.fli=01;35:*.flv=01;35:*.gl=01;35:*.dl=01;35:*.xcf=01;35:*.xwd=01;35:*.yuv=01;35:*.cgm=01;35:*.emf=01;35:*.ogv=01;35:*.ogx=01;35:*.aac=00;36:*.au=00;36:*.flac=00;36:*.m4a=00;36:*.mid=00;36:*.midi=00;36:*.mka=00;36:*.mp3=00;36:*.mpc=00;36:*.ogg=00;36:*.ra=00;36:*.wav=00;36:*.oga=00;36:*.opus=00;36:*.spx=00;36:*.xspf=00;36:*~=00;90:*#=00;90:*.bak=00;90:*.crdownload=00;90:*.dpkg-dist=00;90:*.dpkg-new=00;90:*.dpkg-old=00;90:*.dpkg-tmp=00;90:*.old=00;90:*.orig=00;90:*.part=00;90:*.rej=00;90:*.rpmnew=00;90:*.rpmorig=00;90:*.rpmsave=00;90:*.swp=00;90:*.tmp=00;90:*.ucf-dist=00;90:*.ucf-new=00;90:*.ucf-old=00;90:', 'GNOME_TERMINAL_SERVICE': ':1.147', 'SSH_AUTH_SOCK': '/run/user/1000/keyring/ssh', 'AMENT_PREFIX_PATH': '/home/ilyaes/Desktop/ros2project/moveit2_tuto/ros2_gantry_ws/install/gantry_moveit_config_2:/home/ilyaes/Desktop/ros2project/moveit2_tuto/ros2_gantry_ws/install/gantry_moveit_config:/home/ilyaes/Desktop/ros2project/moveit2_tuto/ros2_gantry_ws/install/gantry:/opt/ros/jazzy', 'SHELL': '/bin/bash', 'LC_NAME': 'en_US.UTF-8', 'QT_ACCESSIBILITY': '1', 'GDMSESSION': 'ubuntu', 'LESSCLOSE': '/usr/bin/lesspipe %s %s', 'LC_MEASUREMENT': 'en_US.UTF-8', 'GPG_AGENT_INFO': '/run/user/1000/gnupg/S.gpg-agent:0:1', 'LC_IDENTIFICATION': 'en_US.UTF-8', 'ROS_AUTOMATIC_DISCOVERY_RANGE': 'SUBNET', 'QT_IM_MODULE': 'ibus', 'PWD': '/home/ilyaes/Desktop/ros2project/moveit2_tuto/ros2_gantry_ws/build/gantry_moveit_config', 'QT_QPA_PLATFORM': 'xcb', 'LC_ALL': 'en_US.UTF-8', 'XDG_CONFIG_DIRS': '/etc/xdg/xdg-ubuntu:/etc/xdg', 'NVM_CD_FLAGS': '', 'DBUS_STARTER_ADDRESS': 'unix:path=/run/user/1000/bus,guid=64482280fc8ec729f8b95dd56920d6c7', 'XDG_DATA_DIRS': '/usr/share/ubuntu:/usr/share/gnome:/home/ilyaes/.local/share/flatpak/exports/share:/var/lib/flatpak/exports/share:/usr/local/share/:/usr/share/:/var/lib/snapd/desktop', 'QTWEBENGINE_DICTIONARIES_PATH': '/usr/share/hunspell-bdic/', 'PYTHONPATH': '/home/ilyaes/Desktop/ros2project/moveit2_tuto/ros2_gantry_ws/install/gantry/lib/python3.12/site-packages:/opt/ros/jazzy/lib/python3.12/site-packages', 'LC_NUMERIC': 'en_US.UTF-8', 'LC_PAPER': 'en_US.UTF-8', 'COLCON': '1', 'MEMORY_PRESSURE_WRITE': 'c29tZSAyMDAwMDAgMjAwMDAwMAA=', 'VTE_VERSION': '7600', 'CMAKE_PREFIX_PATH': '/home/ilyaes/Desktop/ros2project/moveit2_tuto/ros2_gantry_ws/install/gantry:/home/ilyaes/Desktop/ros2project/moveit2_tuto/ros2_gantry_ws/install/gantry_moveit_config_2:/home/ilyaes/Desktop/ros2project/moveit2_tuto/ros2_gantry_ws/install/gantry_moveit_config:/opt/ros/jazzy/opt/gz_sim_vendor:/opt/ros/jazzy/opt/gz_sensors_vendor:/opt/ros/jazzy/opt/gz_physics_vendor:/opt/ros/jazzy/opt/sdformat_vendor:/opt/ros/jazzy/opt/gz_gui_vendor:/opt/ros/jazzy/opt/gz_transport_vendor:/opt/ros/jazzy/opt/gz_rendering_vendor:/opt/ros/jazzy/opt/gz_plugin_vendor:/opt/ros/jazzy/opt/gz_fuel_tools_vendor:/opt/ros/jazzy/opt/gz_msgs_vendor:/opt/ros/jazzy/opt/gz_common_vendor:/opt/ros/jazzy/opt/gz_math_vendor:/opt/ros/jazzy/opt/gz_utils_vendor:/opt/ros/jazzy/opt/gz_tools_vendor:/opt/ros/jazzy/opt/gz_ogre_next_vendor:/opt/ros/jazzy/opt/gz_dartsim_vendor:/opt/ros/jazzy/opt/gz_cmake_vendor:/opt/ros/jazzy'}), 'shell': False}
[4.512748] (gantry_moveit_config_2) CommandEnded: {'returncode': 0}
[4.513443] (gantry_moveit_config_2) JobProgress: {'identifier': 'gantry_moveit_config_2', 'progress': 'install'}
[4.513663] (gantry_moveit_config_2) Command: {'cmd': ['/usr/bin/cmake', '--install', '/home/ilyaes/Desktop/ros2project/moveit2_tuto/ros2_gantry_ws/build/gantry_moveit_config_2'], 'cwd': '/home/ilyaes/Desktop/ros2project/moveit2_tuto/ros2_gantry_ws/build/gantry_moveit_config_2', 'env': OrderedDict({'LESSOPEN': '| /usr/bin/lesspipe %s', 'GZ_SIM_RESOURCE_PATH': '/home/ilyaes/.gz/fuel/fuel.gazebosim.org/openrobotics/models:/opt/ros/jazzy/share', 'USER': 'ilyaes', 'LC_TIME': 'en_US.UTF-8', 'GZ_CONFIG_PATH': '/opt/ros/jazzy/opt/gz_sim_vendor/share/gz:/opt/ros/jazzy/opt/sdformat_vendor/share/gz:/opt/ros/jazzy/opt/gz_gui_vendor/share/gz:/opt/ros/jazzy/opt/gz_transport_vendor/share/gz:/opt/ros/jazzy/opt/gz_rendering_vendor/share/gz:/opt/ros/jazzy/opt/gz_plugin_vendor/share/gz:/opt/ros/jazzy/opt/gz_fuel_tools_vendor/share/gz:/opt/ros/jazzy/opt/gz_msgs_vendor/share/gz:/opt/ros/jazzy/opt/gz_common_vendor/share/gz', 'XDG_SESSION_TYPE': 'x11', 'SHLVL': '1', 'LD_LIBRARY_PATH': '/usr/local/openmpi-5.0.9/lib:/opt/ros/jazzy/opt/gz_sim_vendor/lib:/opt/ros/jazzy/opt/gz_sensors_vendor/lib:/opt/ros/jazzy/opt/gz_physics_vendor/lib:/opt/ros/jazzy/opt/sdformat_vendor/lib:/opt/ros/jazzy/opt/rviz_ogre_vendor/lib:/opt/ros/jazzy/lib/x86_64-linux-gnu:/opt/ros/jazzy/opt/gz_gui_vendor/lib:/opt/ros/jazzy/opt/gz_transport_vendor/lib:/opt/ros/jazzy/opt/gz_rendering_vendor/lib:/opt/ros/jazzy/opt/gz_plugin_vendor/lib:/opt/ros/jazzy/opt/gz_fuel_tools_vendor/lib:/opt/ros/jazzy/opt/gz_msgs_vendor/lib:/opt/ros/jazzy/opt/gz_common_vendor/lib:/opt/ros/jazzy/opt/gz_math_vendor/lib:/opt/ros/jazzy/opt/gz_utils_vendor/lib:/opt/ros/jazzy/opt/gz_tools_vendor/lib:/opt/ros/jazzy/opt/gz_ogre_next_vendor/lib:/opt/ros/jazzy/opt/gz_dartsim_vendor/lib:/opt/ros/jazzy/opt/gz_cmake_vendor/lib:/opt/ros/jazzy/lib', 'HOME': '/home/ilyaes', 'DESKTOP_SESSION': 'ubuntu', 'NVM_BIN': '/home/ilyaes/.nvm/versions/node/v20.15.0/bin', 'NVM_INC': '/home/ilyaes/.nvm/versions/node/v20.15.0/include/node', 'ROS_PYTHON_VERSION': '3', 'GNOME_SHELL_SESSION_MODE': 'ubuntu', 'GTK_MODULES': 'gail:atk-bridge', 'LC_MONETARY': 'en_US.UTF-8', 'DBUS_STARTER_BUS_TYPE': 'session', 'SYSTEMD_EXEC_PID': '2539', 'GSM_SKIP_SSH_AGENT_WORKAROUND': 'true', 'DBUS_SESSION_BUS_ADDRESS': 'unix:path=/run/user/1000/bus,guid=64482280fc8ec729f8b95dd56920d6c7', 'COLORTERM': 'truecolor', 'LIBVIRT_DEFAULT_URI': 'qemu:///system', 'NVM_DIR': '/home/ilyaes/.nvm', 'DEBUGINFOD_URLS': 'https://debuginfod.ubuntu.com', 'COLCON_PREFIX_PATH': '/home/ilyaes/Desktop/ros2project/moveit2_tuto/ros2_gantry_ws/install', 'ROS_DISTRO': 'jazzy', 'LOGNAME': 'ilyaes', '_': '/home/ilyaes/.local/bin/colcon', 'ROS_VERSION': '2', 'MEMORY_PRESSURE_WATCH': '/sys/fs/cgroup/user.slice/user-1000.slice/user@1000.service/app.slice/app-gnome\\x2dsession\\x2dmanager.slice/gnome-session-manager@ubuntu.service/memory.pressure', 'XDG_SESSION_CLASS': 'user', 'USERNAME': 'ilyaes', 'TERM': 'xterm-256color', 'GNOME_DESKTOP_SESSION_ID': 'this-is-deprecated', 'WINDOWPATH': '2', 'PATH': '/usr/local/openmpi-5.0.9/bin:/opt/CoppeliaSim:/opt/ros/jazzy/opt/gz_msgs_vendor/bin:/opt/ros/jazzy/opt/gz_tools_vendor/bin:/opt/ros/jazzy/opt/gz_ogre_next_vendor/bin:/opt/ros/jazzy/bin:/home/ilyaes/.nvm/versions/node/v20.15.0/bin:/home/ilyaes/.local/bin:/home/ilyaes/bin:/usr/local/sbin:/usr/local/bin:/usr/sbin:/usr/bin:/sbin:/bin:/usr/games:/usr/local/games:/snap/bin:/snap/bin:/home/ilyaes:/home/ilyaes/Desktop/ros2project/sourcews', 'SESSION_MANAGER': 'local/ilyaes-GF63-Thin-9SC:@/tmp/.ICE-unix/2539,unix/ilyaes-GF63-Thin-9SC:/tmp/.ICE-unix/2539', 'PAPERSIZE': 'letter', 'XDG_MENU_PREFIX': 'gnome-', 'LC_ADDRESS': 'en_US.UTF-8', 'GNOME_TERMINAL_SCREEN': '/org/gnome/Terminal/screen/a3f7b846_35af_4a2a_8217_1d1361860643', 'XDG_RUNTIME_DIR': '/run/user/1000', 'DISPLAY': ':0', 'LANG': 'en_US.UTF-8', 'XDG_CURRENT_DESKTOP': 'ubuntu:GNOME', 'LC_TELEPHONE': 'en_US.UTF-8', 'XMODIFIERS': '@im=ibus', 'XDG_SESSION_DESKTOP': 'ubuntu', 'XAUTHORITY': '/run/user/1000/gdm/Xauthority', 'LS_COLORS': 'rs=0:di=01;34:ln=01;36:mh=00:pi=40;33:so=01;35:do=01;35:bd=40;33;01:cd=40;33;01:or=40;31;01:mi=00:su=37;41:sg=30;43:ca=00:tw=30;42:ow=34;42:st=37;44:ex=01;32:*.tar=01;31:*.tgz=01;31:*.arc=01;31:*.arj=01;31:*.taz=01;31:*.lha=01;31:*.lz4=01;31:*.lzh=01;31:*.lzma=01;31:*.tlz=01;31:*.txz=01;31:*.tzo=01;31:*.t7z=01;31:*.zip=01;31:*.z=01;31:*.dz=01;31:*.gz=01;31:*.lrz=01;31:*.lz=01;31:*.lzo=01;31:*.xz=01;31:*.zst=01;31:*.tzst=01;31:*.bz2=01;31:*.bz=01;31:*.tbz=01;31:*.tbz2=01;31:*.tz=01;31:*.deb=01;31:*.rpm=01;31:*.jar=01;31:*.war=01;31:*.ear=01;31:*.sar=01;31:*.rar=01;31:*.alz=01;31:*.ace=01;31:*.zoo=01;31:*.cpio=01;31:*.7z=01;31:*.rz=01;31:*.cab=01;31:*.wim=01;31:*.swm=01;31:*.dwm=01;31:*.esd=01;31:*.avif=01;35:*.jpg=01;35:*.jpeg=01;35:*.mjpg=01;35:*.mjpeg=01;35:*.gif=01;35:*.bmp=01;35:*.pbm=01;35:*.pgm=01;35:*.ppm=01;35:*.tga=01;35:*.xbm=01;35:*.xpm=01;35:*.tif=01;35:*.tiff=01;35:*.png=01;35:*.svg=01;35:*.svgz=01;35:*.mng=01;35:*.pcx=01;35:*.mov=01;35:*.mpg=01;35:*.mpeg=01;35:*.m2v=01;35:*.mkv=01;35:*.webm=01;35:*.webp=01;35:*.ogm=01;35:*.mp4=01;35:*.m4v=01;35:*.mp4v=01;35:*.vob=01;35:*.qt=01;35:*.nuv=01;35:*.wmv=01;35:*.asf=01;35:*.rm=01;35:*.rmvb=01;35:*.flc=01;35:*.avi=01;35:*.fli=01;35:*.flv=01;35:*.gl=01;35:*.dl=01;35:*.xcf=01;35:*.xwd=01;35:*.yuv=01;35:*.cgm=01;35:*.emf=01;35:*.ogv=01;35:*.ogx=01;35:*.aac=00;36:*.au=00;36:*.flac=00;36:*.m4a=00;36:*.mid=00;36:*.midi=00;36:*.mka=00;36:*.mp3=00;36:*.mpc=00;36:*.ogg=00;36:*.ra=00;36:*.wav=00;36:*.oga=00;36:*.opus=00;36:*.spx=00;36:*.xspf=00;36:*~=00;90:*#=00;90:*.bak=00;90:*.crdownload=00;90:*.dpkg-dist=00;90:*.dpkg-new=00;90:*.dpkg-old=00;90:*.dpkg-tmp=00;90:*.old=00;90:*.orig=00;90:*.part=00;90:*.rej=00;90:*.rpmnew=00;90:*.rpmorig=00;90:*.rpmsave=00;90:*.swp=00;90:*.tmp=00;90:*.ucf-dist=00;90:*.ucf-new=00;90:*.ucf-old=00;90:', 'GNOME_TERMINAL_SERVICE': ':1.147', 'SSH_AUTH_SOCK': '/run/user/1000/keyring/ssh', 'AMENT_PREFIX_PATH': '/home/ilyaes/Desktop/ros2project/moveit2_tuto/ros2_gantry_ws/install/gantry_moveit_config_2:/home/ilyaes/Desktop/ros2project/moveit2_tuto/ros2_gantry_ws/install/gantry_moveit_config:/home/ilyaes/Desktop/ros2project/moveit2_tuto/ros2_gantry_ws/install/gantry:/opt/ros/jazzy', 'SHELL': '/bin/bash', 'LC_NAME': 'en_US.UTF-8', 'QT_ACCESSIBILITY': '1', 'GDMSESSION': 'ubuntu', 'LESSCLOSE': '/usr/bin/lesspipe %s %s', 'LC_MEASUREMENT': 'en_US.UTF-8', 'GPG_AGENT_INFO': '/run/user/1000/gnupg/S.gpg-agent:0:1', 'LC_IDENTIFICATION': 'en_US.UTF-8', 'ROS_AUTOMATIC_DISCOVERY_RANGE': 'SUBNET', 'QT_IM_MODULE': 'ibus', 'PWD': '/home/ilyaes/Desktop/ros2project/moveit2_tuto/ros2_gantry_ws/build/gantry_moveit_config_2', 'QT_QPA_PLATFORM': 'xcb', 'LC_ALL': 'en_US.UTF-8', 'XDG_CONFIG_DIRS': '/etc/xdg/xdg-ubuntu:/etc/xdg', 'NVM_CD_FLAGS': '', 'DBUS_STARTER_ADDRESS': 'unix:path=/run/user/1000/bus,guid=64482280fc8ec729f8b95dd56920d6c7', 'XDG_DATA_DIRS': '/usr/share/ubuntu:/usr/share/gnome:/home/ilyaes/.local/share/flatpak/exports/share:/var/lib/flatpak/exports/share:/usr/local/share/:/usr/share/:/var/lib/snapd/desktop', 'QTWEBENGINE_DICTIONARIES_PATH': '/usr/share/hunspell-bdic/', 'PYTHONPATH': '/home/ilyaes/Desktop/ros2project/moveit2_tuto/ros2_gantry_ws/install/gantry/lib/python3.12/site-packages:/opt/ros/jazzy/lib/python3.12/site-packages', 'LC_NUMERIC': 'en_US.UTF-8', 'LC_PAPER': 'en_US.UTF-8', 'COLCON': '1', 'MEMORY_PRESSURE_WRITE': 'c29tZSAyMDAwMDAgMjAwMDAwMAA=', 'VTE_VERSION': '7600', 'CMAKE_PREFIX_PATH': '/home/ilyaes/Desktop/ros2project/moveit2_tuto/ros2_gantry_ws/install/gantry:/home/ilyaes/Desktop/ros2project/moveit2_tuto/ros2_gantry_ws/install/gantry_moveit_config_2:/home/ilyaes/Desktop/ros2project/moveit2_tuto/ros2_gantry_ws/install/gantry_moveit_config:/opt/ros/jazzy/opt/gz_sim_vendor:/opt/ros/jazzy/opt/gz_sensors_vendor:/opt/ros/jazzy/opt/gz_physics_vendor:/opt/ros/jazzy/opt/sdformat_vendor:/opt/ros/jazzy/opt/gz_gui_vendor:/opt/ros/jazzy/opt/gz_transport_vendor:/opt/ros/jazzy/opt/gz_rendering_vendor:/opt/ros/jazzy/opt/gz_plugin_vendor:/opt/ros/jazzy/opt/gz_fuel_tools_vendor:/opt/ros/jazzy/opt/gz_msgs_vendor:/opt/ros/jazzy/opt/gz_common_vendor:/opt/ros/jazzy/opt/gz_math_vendor:/opt/ros/jazzy/opt/gz_utils_vendor:/opt/ros/jazzy/opt/gz_tools_vendor:/opt/ros/jazzy/opt/gz_ogre_next_vendor:/opt/ros/jazzy/opt/gz_dartsim_vendor:/opt/ros/jazzy/opt/gz_cmake_vendor:/opt/ros/jazzy'}), 'shell': False}
[4.520408] (gantry_moveit_config) StdoutLine: {'line': b'-- Install configuration: ""\n'}
[4.520635] (gantry_moveit_config) StdoutLine: {'line': b'-- Installing: /home/ilyaes/Desktop/ros2project/moveit2_tuto/ros2_gantry_ws/install/gantry_moveit_config/share/ament_index/resource_index/package_run_dependencies/gantry_moveit_config\n'}
[4.520844] (gantry_moveit_config) StdoutLine: {'line': b'-- Installing: /home/ilyaes/Desktop/ros2project/moveit2_tuto/ros2_gantry_ws/install/gantry_moveit_config/share/ament_index/resource_index/parent_prefix_path/gantry_moveit_config\n'}
[4.521009] (gantry_moveit_config) StdoutLine: {'line': b'-- Installing: /home/ilyaes/Desktop/ros2project/moveit2_tuto/ros2_gantry_ws/install/gantry_moveit_config/share/gantry_moveit_config/environment/ament_prefix_path.sh\n'}
[4.521186] (gantry_moveit_config) StdoutLine: {'line': b'-- Installing: /home/ilyaes/Desktop/ros2project/moveit2_tuto/ros2_gantry_ws/install/gantry_moveit_config/share/gantry_moveit_config/environment/ament_prefix_path.dsv\n'}
[4.521349] (gantry_moveit_config) StdoutLine: {'line': b'-- Installing: /home/ilyaes/Desktop/ros2project/moveit2_tuto/ros2_gantry_ws/install/gantry_moveit_config/share/gantry_moveit_config/environment/path.sh\n'}
[4.521536] (gantry_moveit_config) StdoutLine: {'line': b'-- Installing: /home/ilyaes/Desktop/ros2project/moveit2_tuto/ros2_gantry_ws/install/gantry_moveit_config/share/gantry_moveit_config/environment/path.dsv\n'}
[4.521696] (gantry_moveit_config) StdoutLine: {'line': b'-- Installing: /home/ilyaes/Desktop/ros2project/moveit2_tuto/ros2_gantry_ws/install/gantry_moveit_config/share/gantry_moveit_config/local_setup.bash\n'}
[4.521880] (gantry_moveit_config) StdoutLine: {'line': b'-- Installing: /home/ilyaes/Desktop/ros2project/moveit2_tuto/ros2_gantry_ws/install/gantry_moveit_config/share/gantry_moveit_config/local_setup.sh\n'}
[4.522015] (gantry_moveit_config) StdoutLine: {'line': b'-- Installing: /home/ilyaes/Desktop/ros2project/moveit2_tuto/ros2_gantry_ws/install/gantry_moveit_config/share/gantry_moveit_config/local_setup.zsh\n'}
[4.522176] (gantry_moveit_config) StdoutLine: {'line': b'-- Installing: /home/ilyaes/Desktop/ros2project/moveit2_tuto/ros2_gantry_ws/install/gantry_moveit_config/share/gantry_moveit_config/local_setup.dsv\n'}
[4.522341] (gantry_moveit_config) StdoutLine: {'line': b'-- Installing: /home/ilyaes/Desktop/ros2project/moveit2_tuto/ros2_gantry_ws/install/gantry_moveit_config/share/gantry_moveit_config/package.dsv\n'}
[4.522498] (gantry_moveit_config) StdoutLine: {'line': b'-- Installing: /home/ilyaes/Desktop/ros2project/moveit2_tuto/ros2_gantry_ws/install/gantry_moveit_config/share/ament_index/resource_index/packages/gantry_moveit_config\n'}
[4.522658] (gantry_moveit_config) StdoutLine: {'line': b'-- Installing: /home/ilyaes/Desktop/ros2project/moveit2_tuto/ros2_gantry_ws/install/gantry_moveit_config/share/gantry_moveit_config/cmake/gantry_moveit_configConfig.cmake\n'}
[4.522819] (gantry_moveit_config) StdoutLine: {'line': b'-- Installing: /home/ilyaes/Desktop/ros2project/moveit2_tuto/ros2_gantry_ws/install/gantry_moveit_config/share/gantry_moveit_config/cmake/gantry_moveit_configConfig-version.cmake\n'}
[4.522980] (gantry_moveit_config) StdoutLine: {'line': b'-- Installing: /home/ilyaes/Desktop/ros2project/moveit2_tuto/ros2_gantry_ws/install/gantry_moveit_config/share/gantry_moveit_config/package.xml\n'}
[4.523184] (gantry_moveit_config) StdoutLine: {'line': b'-- Installing: /home/ilyaes/Desktop/ros2project/moveit2_tuto/ros2_gantry_ws/install/gantry_moveit_config/share/gantry_moveit_config/launch\n'}
[4.523392] (gantry_moveit_config_2) StdoutLine: {'line': b'-- Install configuration: ""\n'}
[4.523559] (gantry_moveit_config_2) StdoutLine: {'line': b'-- Installing: /home/ilyaes/Desktop/ros2project/moveit2_tuto/ros2_gantry_ws/install/gantry_moveit_config_2/share/ament_index/resource_index/package_run_dependencies/gantry_moveit_config_2\n'}
[4.523661] (gantry_moveit_config) StdoutLine: {'line': b'-- Installing: /home/ilyaes/Desktop/ros2project/moveit2_tuto/ros2_gantry_ws/install/gantry_moveit_config/share/gantry_moveit_config/launch/setup_assistant.launch.py\n'}
[4.523740] (gantry_moveit_config_2) StdoutLine: {'line': b'-- Installing: /home/ilyaes/Desktop/ros2project/moveit2_tuto/ros2_gantry_ws/install/gantry_moveit_config_2/share/ament_index/resource_index/parent_prefix_path/gantry_moveit_config_2\n'}
[4.523838] (gantry_moveit_config_2) StdoutLine: {'line': b'-- Installing: /home/ilyaes/Desktop/ros2project/moveit2_tuto/ros2_gantry_ws/install/gantry_moveit_config_2/share/gantry_moveit_config_2/environment/ament_prefix_path.sh\n'}
[4.524052] (gantry_moveit_config) StdoutLine: {'line': b'-- Installing: /home/ilyaes/Desktop/ros2project/moveit2_tuto/ros2_gantry_ws/install/gantry_moveit_config/share/gantry_moveit_config/launch/spawn_controllers.launch.py\n'}
[4.524238] (gantry_moveit_config_2) StdoutLine: {'line': b'-- Installing: /home/ilyaes/Desktop/ros2project/moveit2_tuto/ros2_gantry_ws/install/gantry_moveit_config_2/share/gantry_moveit_config_2/environment/ament_prefix_path.dsv\n'}
[4.524393] (gantry_moveit_config) StdoutLine: {'line': b'-- Installing: /home/ilyaes/Desktop/ros2project/moveit2_tuto/ros2_gantry_ws/install/gantry_moveit_config/share/gantry_moveit_config/launch/rsp.launch.py\n'}
[4.524536] (gantry_moveit_config_2) StdoutLine: {'line': b'-- Installing: /home/ilyaes/Desktop/ros2project/moveit2_tuto/ros2_gantry_ws/install/gantry_moveit_config_2/share/gantry_moveit_config_2/environment/path.sh\n'}
[4.524723] (gantry_moveit_config_2) StdoutLine: {'line': b'-- Installing: /home/ilyaes/Desktop/ros2project/moveit2_tuto/ros2_gantry_ws/install/gantry_moveit_config_2/share/gantry_moveit_config_2/environment/path.dsv\n'}
[4.524911] (gantry_moveit_config) StdoutLine: {'line': b'-- Installing: /home/ilyaes/Desktop/ros2project/moveit2_tuto/ros2_gantry_ws/install/gantry_moveit_config/share/gantry_moveit_config/launch/demo.launch.py\n'}
[4.525032] (gantry_moveit_config_2) StdoutLine: {'line': b'-- Installing: /home/ilyaes/Desktop/ros2project/moveit2_tuto/ros2_gantry_ws/install/gantry_moveit_config_2/share/gantry_moveit_config_2/local_setup.bash\n'}
[4.525155] (gantry_moveit_config) StdoutLine: {'line': b'-- Installing: /home/ilyaes/Desktop/ros2project/moveit2_tuto/ros2_gantry_ws/install/gantry_moveit_config/share/gantry_moveit_config/launch/moveit_rviz.launch.py\n'}
[4.525325] (gantry_moveit_config_2) StdoutLine: {'line': b'-- Installing: /home/ilyaes/Desktop/ros2project/moveit2_tuto/ros2_gantry_ws/install/gantry_moveit_config_2/share/gantry_moveit_config_2/local_setup.sh\n'}
[4.525488] (gantry_moveit_config_2) StdoutLine: {'line': b'-- Installing: /home/ilyaes/Desktop/ros2project/moveit2_tuto/ros2_gantry_ws/install/gantry_moveit_config_2/share/gantry_moveit_config_2/local_setup.zsh\n'}
[4.525636] (gantry_moveit_config_2) StdoutLine: {'line': b'-- Installing: /home/ilyaes/Desktop/ros2project/moveit2_tuto/ros2_gantry_ws/install/gantry_moveit_config_2/share/gantry_moveit_config_2/local_setup.dsv\n'}
[4.525764] (gantry_moveit_config) StdoutLine: {'line': b'-- Installing: /home/ilyaes/Desktop/ros2project/moveit2_tuto/ros2_gantry_ws/install/gantry_moveit_config/share/gantry_moveit_config/launch/move_group.launch.py\n'}
[4.525888] (gantry_moveit_config_2) StdoutLine: {'line': b'-- Installing: /home/ilyaes/Desktop/ros2project/moveit2_tuto/ros2_gantry_ws/install/gantry_moveit_config_2/share/gantry_moveit_config_2/package.dsv\n'}
[4.526012] (gantry_moveit_config) StdoutLine: {'line': b'-- Installing: /home/ilyaes/Desktop/ros2project/moveit2_tuto/ros2_gantry_ws/install/gantry_moveit_config/share/gantry_moveit_config/launch/moveit_gazebo.launch.py\n'}
[4.526218] (gantry_moveit_config_2) StdoutLine: {'line': b'-- Installing: /home/ilyaes/Desktop/ros2project/moveit2_tuto/ros2_gantry_ws/install/gantry_moveit_config_2/share/ament_index/resource_index/packages/gantry_moveit_config_2\n'}
[4.526362] (gantry_moveit_config_2) StdoutLine: {'line': b'-- Installing: /home/ilyaes/Desktop/ros2project/moveit2_tuto/ros2_gantry_ws/install/gantry_moveit_config_2/share/gantry_moveit_config_2/cmake/gantry_moveit_config_2Config.cmake\n'}
[4.526520] (gantry_moveit_config) StdoutLine: {'line': b'-- Installing: /home/ilyaes/Desktop/ros2project/moveit2_tuto/ros2_gantry_ws/install/gantry_moveit_config/share/gantry_moveit_config/launch/warehouse_db.launch.py\n'}
[4.526693] (gantry_moveit_config_2) StdoutLine: {'line': b'-- Installing: /home/ilyaes/Desktop/ros2project/moveit2_tuto/ros2_gantry_ws/install/gantry_moveit_config_2/share/gantry_moveit_config_2/cmake/gantry_moveit_config_2Config-version.cmake\n'}
[4.526809] (gantry_moveit_config_2) StdoutLine: {'line': b'-- Installing: /home/ilyaes/Desktop/ros2project/moveit2_tuto/ros2_gantry_ws/install/gantry_moveit_config_2/share/gantry_moveit_config_2/package.xml\n'}
[4.526921] (gantry_moveit_config_2) StdoutLine: {'line': b'-- Installing: /home/ilyaes/Desktop/ros2project/moveit2_tuto/ros2_gantry_ws/install/gantry_moveit_config_2/share/gantry_moveit_config_2/launch\n'}
[4.527035] (gantry_moveit_config_2) StdoutLine: {'line': b'-- Installing: /home/ilyaes/Desktop/ros2project/moveit2_tuto/ros2_gantry_ws/install/gantry_moveit_config_2/share/gantry_moveit_config_2/launch/setup_assistant.launch.py\n'}
[4.527206] (gantry_moveit_config) StdoutLine: {'line': b'-- Installing: /home/ilyaes/Desktop/ros2project/moveit2_tuto/ros2_gantry_ws/install/gantry_moveit_config/share/gantry_moveit_config/launch/static_virtual_joint_tfs.launch.py\n'}
[4.527350] (gantry_moveit_config) StdoutLine: {'line': b'-- Installing: /home/ilyaes/Desktop/ros2project/moveit2_tuto/ros2_gantry_ws/install/gantry_moveit_config/share/gantry_moveit_config/config\n'}
[4.527468] (gantry_moveit_config_2) StdoutLine: {'line': b'-- Installing: /home/ilyaes/Desktop/ros2project/moveit2_tuto/ros2_gantry_ws/install/gantry_moveit_config_2/share/gantry_moveit_config_2/launch/spawn_controllers.launch.py\n'}
[4.527661] (gantry_moveit_config) StdoutLine: {'line': b'-- Installing: /home/ilyaes/Desktop/ros2project/moveit2_tuto/ros2_gantry_ws/install/gantry_moveit_config/share/gantry_moveit_config/config/ros2_controllers.yaml\n'}
[4.527786] (gantry_moveit_config) StdoutLine: {'line': b'-- Installing: /home/ilyaes/Desktop/ros2project/moveit2_tuto/ros2_gantry_ws/install/gantry_moveit_config/share/gantry_moveit_config/config/parallel_beam_gantry.urdf.xacro\n'}
[4.527955] (gantry_moveit_config_2) StdoutLine: {'line': b'-- Installing: /home/ilyaes/Desktop/ros2project/moveit2_tuto/ros2_gantry_ws/install/gantry_moveit_config_2/share/gantry_moveit_config_2/launch/rsp.launch.py\n'}
[4.528095] (gantry_moveit_config) StdoutLine: {'line': b'-- Installing: /home/ilyaes/Desktop/ros2project/moveit2_tuto/ros2_gantry_ws/install/gantry_moveit_config/share/gantry_moveit_config/config/parallel_beam_gantry.srdf\n'}
[4.528262] (gantry_moveit_config_2) StdoutLine: {'line': b'-- Installing: /home/ilyaes/Desktop/ros2project/moveit2_tuto/ros2_gantry_ws/install/gantry_moveit_config_2/share/gantry_moveit_config_2/launch/demo.launch.py\n'}
[4.528427] (gantry_moveit_config_2) StdoutLine: {'line': b'-- Installing: /home/ilyaes/Desktop/ros2project/moveit2_tuto/ros2_gantry_ws/install/gantry_moveit_config_2/share/gantry_moveit_config_2/launch/moveit_rviz.launch.py\n'}
[4.528555] (gantry_moveit_config) StdoutLine: {'line': b'-- Installing: /home/ilyaes/Desktop/ros2project/moveit2_tuto/ros2_gantry_ws/install/gantry_moveit_config/share/gantry_moveit_config/config/joint_limits.yaml\n'}
[4.528720] (gantry_moveit_config) StdoutLine: {'line': b'-- Installing: /home/ilyaes/Desktop/ros2project/moveit2_tuto/ros2_gantry_ws/install/gantry_moveit_config/share/gantry_moveit_config/config/pilz_cartesian_limits.yaml\n'}
[4.528860] (gantry_moveit_config_2) StdoutLine: {'line': b'-- Installing: /home/ilyaes/Desktop/ros2project/moveit2_tuto/ros2_gantry_ws/install/gantry_moveit_config_2/share/gantry_moveit_config_2/launch/move_group.launch.py\n'}
[4.528988] (gantry_moveit_config) StdoutLine: {'line': b'-- Installing: /home/ilyaes/Desktop/ros2project/moveit2_tuto/ros2_gantry_ws/install/gantry_moveit_config/share/gantry_moveit_config/config/moveit_controllers.yaml\n'}
[4.529167] (gantry_moveit_config) StdoutLine: {'line': b'-- Installing: /home/ilyaes/Desktop/ros2project/moveit2_tuto/ros2_gantry_ws/install/gantry_moveit_config/share/gantry_moveit_config/config/initial_positions.yaml\n'}
[4.529293] (gantry_moveit_config_2) StdoutLine: {'line': b'-- Installing: /home/ilyaes/Desktop/ros2project/moveit2_tuto/ros2_gantry_ws/install/gantry_moveit_config_2/share/gantry_moveit_config_2/launch/warehouse_db.launch.py\n'}
[4.529474] (gantry_moveit_config_2) StdoutLine: {'line': b'-- Installing: /home/ilyaes/Desktop/ros2project/moveit2_tuto/ros2_gantry_ws/install/gantry_moveit_config_2/share/gantry_moveit_config_2/launch/gazebo_moveit.launch.py\n'}
[4.529606] (gantry_moveit_config) StdoutLine: {'line': b'-- Installing: /home/ilyaes/Desktop/ros2project/moveit2_tuto/ros2_gantry_ws/install/gantry_moveit_config/share/gantry_moveit_config/config/kinematics.yaml\n'}
[4.529734] (gantry_moveit_config) StdoutLine: {'line': b'-- Installing: /home/ilyaes/Desktop/ros2project/moveit2_tuto/ros2_gantry_ws/install/gantry_moveit_config/share/gantry_moveit_config/config/parallel_beam_gantry.ros2_control.xacro\n'}
[4.529860] (gantry_moveit_config_2) StdoutLine: {'line': b'-- Installing: /home/ilyaes/Desktop/ros2project/moveit2_tuto/ros2_gantry_ws/install/gantry_moveit_config_2/share/gantry_moveit_config_2/launch/static_virtual_joint_tfs.launch.py\n'}
[4.529990] (gantry_moveit_config_2) StdoutLine: {'line': b'-- Installing: /home/ilyaes/Desktop/ros2project/moveit2_tuto/ros2_gantry_ws/install/gantry_moveit_config_2/share/gantry_moveit_config_2/config\n'}
[4.530132] (gantry_moveit_config_2) StdoutLine: {'line': b'-- Installing: /home/ilyaes/Desktop/ros2project/moveit2_tuto/ros2_gantry_ws/install/gantry_moveit_config_2/share/gantry_moveit_config_2/config/ros2_controllers.yaml\n'}
[4.530309] (gantry_moveit_config) StdoutLine: {'line': b'-- Installing: /home/ilyaes/Desktop/ros2project/moveit2_tuto/ros2_gantry_ws/install/gantry_moveit_config/share/gantry_moveit_config/config/moveit.rviz\n'}
[4.530480] (gantry_moveit_config) StdoutLine: {'line': b'-- Installing: /home/ilyaes/Desktop/ros2project/moveit2_tuto/ros2_gantry_ws/install/gantry_moveit_config/share/gantry_moveit_config/.setup_assistant\n'}
[4.530652] (gantry_moveit_config_2) StdoutLine: {'line': b'-- Installing: /home/ilyaes/Desktop/ros2project/moveit2_tuto/ros2_gantry_ws/install/gantry_moveit_config_2/share/gantry_moveit_config_2/config/parallel_beam_gantry.urdf.xacro\n'}
[4.530884] (gantry_moveit_config_2) StdoutLine: {'line': b'-- Installing: /home/ilyaes/Desktop/ros2project/moveit2_tuto/ros2_gantry_ws/install/gantry_moveit_config_2/share/gantry_moveit_config_2/config/parallel_beam_gantry.srdf\n'}
[4.531009] (gantry_moveit_config_2) StdoutLine: {'line': b'-- Installing: /home/ilyaes/Desktop/ros2project/moveit2_tuto/ros2_gantry_ws/install/gantry_moveit_config_2/share/gantry_moveit_config_2/config/joint_limits.yaml\n'}
[4.531241] (gantry_moveit_config_2) StdoutLine: {'line': b'-- Installing: /home/ilyaes/Desktop/ros2project/moveit2_tuto/ros2_gantry_ws/install/gantry_moveit_config_2/share/gantry_moveit_config_2/config/pilz_cartesian_limits.yaml\n'}
[4.531939] (gantry_moveit_config_2) StdoutLine: {'line': b'-- Installing: /home/ilyaes/Desktop/ros2project/moveit2_tuto/ros2_gantry_ws/install/gantry_moveit_config_2/share/gantry_moveit_config_2/config/moveit_controllers.yaml\n'}
[4.532434] (gantry_moveit_config_2) StdoutLine: {'line': b'-- Installing: /home/ilyaes/Desktop/ros2project/moveit2_tuto/ros2_gantry_ws/install/gantry_moveit_config_2/share/gantry_moveit_config_2/config/initial_positions.yaml\n'}
[4.532570] (gantry_moveit_config_2) StdoutLine: {'line': b'-- Installing: /home/ilyaes/Desktop/ros2project/moveit2_tuto/ros2_gantry_ws/install/gantry_moveit_config_2/share/gantry_moveit_config_2/config/kinematics.yaml\n'}
[4.532710] (gantry_moveit_config_2) StdoutLine: {'line': b'-- Installing: /home/ilyaes/Desktop/ros2project/moveit2_tuto/ros2_gantry_ws/install/gantry_moveit_config_2/share/gantry_moveit_config_2/config/parallel_beam_gantry.ros2_control.xacro\n'}
[4.532842] (gantry_moveit_config_2) StdoutLine: {'line': b'-- Installing: /home/ilyaes/Desktop/ros2project/moveit2_tuto/ros2_gantry_ws/install/gantry_moveit_config_2/share/gantry_moveit_config_2/config/moveit.rviz\n'}
[4.532977] (gantry_moveit_config) CommandEnded: {'returncode': 0}
[4.533400] (gantry_moveit_config_2) StdoutLine: {'line': b'-- Installing: /home/ilyaes/Desktop/ros2project/moveit2_tuto/ros2_gantry_ws/install/gantry_moveit_config_2/share/gantry_moveit_config_2/.setup_assistant\n'}
[4.543631] (gantry_moveit_config) JobEnded: {'identifier': 'gantry_moveit_config', 'rc': 0}
[4.545065] (gantry_moveit_config_2) CommandEnded: {'returncode': 0}
[4.557457] (gantry_moveit_config_2) JobEnded: {'identifier': 'gantry_moveit_config_2', 'rc': 0}
[4.558909] (-) EventReactorShutdown: {}
